eom,target_month,mask,loss,baseline_loss,delta_abs,delta_rel,importance,rank
2014-01-31,2014-02-28,Quality,2.963083555424277,2.933510433363516,0.029573122060761126,0.010081137508296863,0.3683744736035093,1.0
2014-01-31,2014-02-28,LowLeverage,2.9560491902462736,2.933510433363516,0.02253875688275775,0.007683203245646948,0.28075164621796006,2.0
2014-01-31,2014-02-28,LowRisk,2.945197955091635,2.933510433363516,0.011687521728119155,0.003984141864707272,0.14558438082660327,3.0
2014-01-31,2014-02-28,ProfitGrowth,2.942069727127851,2.933510433363516,0.008559293764335063,0.0029177648959377023,0.10661793936996243,4.0
2014-01-31,2014-02-28,DebtIssuance,2.9378742634023256,2.933510433363516,0.004363830038809802,0.0014875795187836794,0.05435758829043866,5.0
2014-01-31,2014-02-28,Investment,2.9370679613350146,2.933510433363516,0.003557527971498775,0.0012127204086401597,0.04431397169152633,6.0
2014-01-31,2014-02-28,Accruals,2.9323493427294856,2.933510433363516,-0.0011610906340302485,-0.00039580245593296245,0.0,7.0
2014-01-31,2014-02-28,Momentum,2.924676118114552,2.933510433363516,-0.008834315248963609,-0.003011516559985207,0.0,8.0
2014-01-31,2014-02-28,Profitability,2.9182331687849854,2.933510433363516,-0.015277264578530403,-0.005207843955412061,0.0,9.0
2014-01-31,2014-02-28,Seasonality,2.930487332462613,2.933510433363516,-0.003023100900902964,-0.001030540360968386,0.0,10.0
2014-01-31,2014-02-28,ShortTermReversal,2.9191301490283257,2.933510433363516,-0.014380284335190119,-0.00490207369697401,0.0,11.0
2014-01-31,2014-02-28,Size,2.9140968294397074,2.933510433363516,-0.01941360392380842,-0.0066178745106930115,0.0,12.0
2014-01-31,2014-02-28,Value,2.8643516740054262,2.933510433363516,-0.06915875935808957,-0.023575426414554543,0.0,13.0
2014-01-31,2014-02-28,ALL,2.933510433363516,2.933510433363516,0.0,0.0,0.0,
2014-02-28,2014-03-31,LowRisk,2.9939619372050688,2.94812280799049,0.045839129214578556,0.015548581996088414,0.3765907488334987,1.0
2014-02-28,2014-03-31,Quality,2.9832573085821386,2.94812280799049,0.035134500591648354,0.011917583791428573,0.2886470165208069,2.0
2014-02-28,2014-03-31,LowLeverage,2.9681362295539797,2.94812280799049,0.02001342156348951,0.006788530487687223,0.1644199953719452,3.0
2014-02-28,2014-03-31,ProfitGrowth,2.958567195517605,2.94812280799049,0.010444387527114962,0.003542724712419325,0.08580572509419647,4.0
2014-02-28,2014-03-31,Value,2.9545067020501534,2.94812280799049,0.00638389405966322,0.0021654098134448584,0.05244679568733381,5.0
2014-02-28,2014-03-31,DebtIssuance,2.9499805855585017,2.94812280799049,0.0018577775680115316,0.000630156098984844,0.015262546594821284,6.0
2014-02-28,2014-03-31,Momentum,2.949634829916336,2.94812280799049,0.0015120219258459855,0.0005128761670809145,0.01242199577224765,7.0
2014-02-28,2014-03-31,Investment,2.948659011915412,2.94812280799049,0.0005362039249217077,0.0001818797790473311,0.004405176125149993,8.0
2014-02-28,2014-03-31,Accruals,2.9457772054050877,2.94812280799049,-0.0023456025854025064,-0.0007956258060366638,0.0,9.0
2014-02-28,2014-03-31,Profitability,2.936739783924554,2.94812280799049,-0.011383024065936276,-0.003861109189577897,0.0,10.0
2014-02-28,2014-03-31,Seasonality,2.9424141412722182,2.94812280799049,-0.005708666718271971,-0.001936373445095095,0.0,11.0
2014-02-28,2014-03-31,ShortTermReversal,2.932609726393196,2.94812280799049,-0.015513081597294143,-0.005262020142189471,0.0,12.0
2014-02-28,2014-03-31,Size,2.941320594776293,2.94812280799049,-0.0068022132141973835,-0.002307303208591209,0.0,13.0
2014-02-28,2014-03-31,ALL,2.94812280799049,2.94812280799049,0.0,0.0,0.0,
2014-03-31,2014-04-30,Value,3.129416584718091,3.04531694839853,0.08409963631956074,0.027616053679991183,0.40253393169319635,1.0
2014-03-31,2014-04-30,LowRisk,3.109821332323752,3.04531694839853,0.06450438392522173,0.02118150097944428,0.30874334788089525,2.0
2014-03-31,2014-04-30,Quality,3.0686799833621667,3.04531694839853,0.023363034963636675,0.007671790936546956,0.11182467287329885,3.0
2014-03-31,2014-04-30,LowLeverage,3.061625173413429,3.04531694839853,0.016308225014899147,0.005355181510244873,0.0780575781474316,4.0
2014-03-31,2014-04-30,Momentum,3.0557827659990515,3.04531694839853,0.010465817600521454,0.003436692396180704,0.050093518729544,5.0
2014-03-31,2014-04-30,ProfitGrowth,3.0504418865084633,3.04531694839853,0.005124938109933197,0.0016828915337131977,0.024529969181280323,6.0
2014-03-31,2014-04-30,Seasonality,3.050376495373529,3.04531694839853,0.005059546974998774,0.0016614188476045118,0.02421698149435365,7.0
2014-03-31,2014-04-30,Accruals,3.0431215249911827,3.04531694839853,-0.002195423407347352,-0.0007209178698138072,0.0,8.0
2014-03-31,2014-04-30,DebtIssuance,3.044921413438014,3.04531694839853,-0.00039553496051603076,-0.00012988301947488076,0.0,9.0
2014-03-31,2014-04-30,Investment,3.0419722552767747,3.04531694839853,-0.0033446931217553377,-0.001098307065710925,0.0,10.0
2014-03-31,2014-04-30,Profitability,3.039611388327212,3.04531694839853,-0.005705560071318061,-0.0018735521352936674,0.0,11.0
2014-03-31,2014-04-30,ShortTermReversal,3.0341796849532345,3.04531694839853,-0.011137263445295531,-0.003657177112928226,0.0,12.0
2014-03-31,2014-04-30,Size,3.0379979485383064,3.04531694839853,-0.007318999860223663,-0.0024033622720526925,0.0,13.0
2014-03-31,2014-04-30,ALL,3.04531694839853,3.04531694839853,0.0,0.0,0.0,
2014-04-30,2014-05-31,LowRisk,3.0636014601587815,3.018393255268206,0.045208204890575754,0.014977572856575536,0.3041738462478502,1.0
2014-04-30,2014-05-31,LowLeverage,3.0479332310974314,3.018393255268206,0.02953997582922563,0.009786655790350549,0.19875348043109733,2.0
2014-04-30,2014-05-31,Quality,3.046420319930782,3.018393255268206,0.02802706466257643,0.009285425155803969,0.188574177587623,3.0
2014-04-30,2014-05-31,Value,3.0404363587298966,3.018393255268206,0.022043103461690805,0.007302926291402715,0.14831236009947224,4.0
2014-04-30,2014-05-31,Momentum,3.033495958547058,3.018393255268206,0.015102703278852214,0.005003557191393946,0.10161534518319582,5.0
2014-04-30,2014-05-31,ProfitGrowth,3.0269836448337077,3.018393255268206,0.008590389565501955,0.002846014034290783,0.05779861954772809,6.0
2014-04-30,2014-05-31,Accruals,3.018508020100309,3.018393255268206,0.00011476483210337562,3.802182896581444e-05,0.0007721709030333485,7.0
2014-04-30,2014-05-31,DebtIssuance,3.017813887044251,3.018393255268206,-0.0005793682239549902,-0.00019194590464439307,0.0,8.0
2014-04-30,2014-05-31,Investment,3.015503239752412,3.018393255268206,-0.00289001551579382,-0.0009574681863437379,0.0,9.0
2014-04-30,2014-05-31,Profitability,3.012442527133471,3.018393255268206,-0.005950728134734629,-0.0019714886800612946,0.0,10.0
2014-04-30,2014-05-31,Seasonality,3.0129485782606,3.018393255268206,-0.005444677007605758,-0.001803832882975999,0.0,11.0
2014-04-30,2014-05-31,ShortTermReversal,2.997118130042641,3.018393255268206,-0.02127512522556474,-0.007048493495150715,0.0,12.0
2014-04-30,2014-05-31,Size,3.017446329249772,3.018393255268206,-0.0009469260184338246,-0.0003137185708923417,0.0,13.0
2014-04-30,2014-05-31,ALL,3.018393255268206,3.018393255268206,0.0,0.0,0.0,
2014-05-31,2014-06-30,Quality,2.957860621209021,2.917573064307704,0.0402875569013168,0.013808585428134403,0.4570863087170577,1.0
2014-05-31,2014-06-30,LowLeverage,2.956164005758869,2.917573064307704,0.03859094145116515,0.013227069417136327,0.437837196756218,2.0
2014-05-31,2014-06-30,ProfitGrowth,2.9241499551090477,2.917573064307704,0.0065768908013437155,0.0022542334523863285,0.07461874013817682,3.0
2014-05-31,2014-06-30,Accruals,2.919169375902911,2.917573064307704,0.0015963115952071227,0.000547136801725959,0.018111105034309315,4.0
2014-05-31,2014-06-30,DebtIssuance,2.9186612971620103,2.917573064307704,0.0010882328543062592,0.0003729924942135015,0.012346649354238147,5.0
2014-05-31,2014-06-30,Investment,2.909916100617068,2.917573064307704,-0.007656963690636065,-0.002624429113466931,0.0,6.0
2014-05-31,2014-06-30,LowRisk,2.915896863196862,2.917573064307704,-0.0016762011108419905,-0.0005745189833796768,0.0,7.0
2014-05-31,2014-06-30,Momentum,2.911974152729967,2.917573064307704,-0.0055989115777368426,-0.0019190304593332882,0.0,8.0
2014-05-31,2014-06-30,Profitability,2.9040381234414925,2.917573064307704,-0.013534940866211542,-0.004639109481709991,0.0,9.0
2014-05-31,2014-06-30,Seasonality,2.9129779755861263,2.917573064307704,-0.004595088721577767,-0.0015749695449934216,0.0,10.0
2014-05-31,2014-06-30,ShortTermReversal,2.8835695253434808,2.917573064307704,-0.03400353896422326,-0.011654734333891234,0.0,11.0
2014-05-31,2014-06-30,Size,2.9021110224601365,2.917573064307704,-0.015462041847567498,-0.005299624553271096,0.0,12.0
2014-05-31,2014-06-30,Value,2.8171211144539248,2.917573064307704,-0.10045194985377925,-0.03442996889526569,0.0,13.0
2014-05-31,2014-06-30,ALL,2.917573064307704,2.917573064307704,0.0,0.0,0.0,
2014-06-30,2014-07-31,LowRisk,3.058570831481556,3.025809205535732,0.03276162594582388,0.010827393176637288,0.3810384907931649,1.0
2014-06-30,2014-07-31,LowLeverage,3.0416689047527443,3.025809205535732,0.015859699217012135,0.005241473648766995,0.18445836186754228,2.0
2014-06-30,2014-07-31,Value,3.040968626493476,3.025809205535732,0.015159420957743919,0.005010038613806081,0.1763136815184023,3.0
2014-06-30,2014-07-31,Quality,3.0331859090988087,3.025809205535732,0.007376703563076514,0.0024379275301234463,0.08579574155908248,4.0
2014-06-30,2014-07-31,Size,3.032657768918286,3.025809205535732,0.006848563382553685,0.0022633824267651132,0.07965313625474164,5.0
2014-06-30,2014-07-31,Profitability,3.0304283347430636,3.025809205535732,0.004619129207331429,0.0015265764936139101,0.0537234026434073,6.0
2014-06-30,2014-07-31,DebtIssuance,3.027963968313972,3.025809205535732,0.0021547627782396717,0.00071212777537246,0.025061257899575962,7.0
2014-06-30,2014-07-31,ShortTermReversal,3.027009133853613,3.025809205535732,0.0011999283178809605,0.00039656443495699796,0.013955927464083138,8.0
2014-06-30,2014-07-31,Accruals,3.0250543227161977,3.025809205535732,-0.0007548828195345081,-0.00024948130177985,0.0,9.0
2014-06-30,2014-07-31,Investment,3.017887121726431,3.025809205535732,-0.00792208380930104,-0.0026181703045940734,0.0,10.0
2014-06-30,2014-07-31,Momentum,3.0228301851936457,3.025809205535732,-0.0029790203420865247,-0.0009845367436375012,0.0,11.0
2014-06-30,2014-07-31,ProfitGrowth,3.02346580538852,3.025809205535732,-0.002343400147212016,-0.0007744705591234088,0.0,12.0
2014-06-30,2014-07-31,Seasonality,3.0119576685798473,3.025809205535732,-0.013851536955884924,-0.004577795893588886,0.0,13.0
2014-06-30,2014-07-31,ALL,3.025809205535732,3.025809205535732,0.0,0.0,0.0,
2014-07-31,2014-08-31,Quality,2.990183289122765,2.9528450249345575,0.037338264188207404,0.012644843827872381,0.37321212342716603,1.0
2014-07-31,2014-08-31,LowLeverage,2.986523812816949,2.9528450249345575,0.033678787882391426,0.011405538590071394,0.33663407266827905,2.0
2014-07-31,2014-08-31,ProfitGrowth,2.965114079260479,2.9528450249345575,0.012269054325921402,0.00415499432659637,0.12263451226172864,3.0
2014-07-31,2014-08-31,LowRisk,2.9618395718110486,2.9528450249345575,0.00899454687649115,0.003046061273293708,0.0899043919695831,4.0
2014-07-31,2014-08-31,Momentum,2.955856120947443,2.9528450249345575,0.003011096012885517,0.0010197270725212713,0.03009720888864998,5.0
2014-07-31,2014-08-31,Accruals,2.955348920083801,2.9528450249345575,0.00250389514924354,0.0008479602309298413,0.025027516565253236,6.0
2014-07-31,2014-08-31,DebtIssuance,2.9550950699195093,2.9528450249345575,0.002250044984951849,0.0007619922366232937,0.022490174219339926,7.0
2014-07-31,2014-08-31,Investment,2.949226435828589,2.9528450249345575,-0.0036185891059683506,-0.0012254585240376941,0.0,8.0
2014-07-31,2014-08-31,Profitability,2.9425404919298033,2.9528450249345575,-0.010304533004754202,-0.003489696519031701,0.0,9.0
2014-07-31,2014-08-31,Seasonality,2.9503482765897218,2.9528450249345575,-0.0024967483448357086,-0.0008455399195530226,0.0,10.0
2014-07-31,2014-08-31,ShortTermReversal,2.924749914806373,2.9528450249345575,-0.02809511012818433,-0.009514590129499597,0.0,11.0
2014-07-31,2014-08-31,Size,2.946516991025644,2.9528450249345575,-0.006328033908913344,-0.0021430294700459564,0.0,12.0
2014-07-31,2014-08-31,Value,2.9124257651503895,2.9528450249345575,-0.04041925978416794,-0.013688242844733692,0.0,13.0
2014-07-31,2014-08-31,ALL,2.9528450249345575,2.9528450249345575,0.0,0.0,0.0,
2014-08-31,2014-09-30,Value,3.240809127248901,3.12003383559851,0.12077529165039058,0.03870960957935332,0.34390216669864604,1.0
2014-08-31,2014-09-30,LowRisk,3.2318240299396375,3.12003383559851,0.11179019434112725,0.03582980192895336,0.3183175095189435,2.0
2014-08-31,2014-09-30,Momentum,3.1673726296065463,3.12003383559851,0.04733879400803609,0.0151725258450459,0.13479506946992204,3.0
2014-08-31,2014-09-30,Size,3.141353808951028,3.12003383559851,0.021319973352517785,0.00683325068762532,0.060707657416487405,4.0
2014-08-31,2014-09-30,ShortTermReversal,3.1374206366657207,3.12003383559851,0.017386801067210467,0.005572632215982103,0.04950812767466146,5.0
2014-08-31,2014-09-30,Quality,3.1360549144817464,3.12003383559851,0.01602107888323623,0.005134905493793447,0.04561929568130375,6.0
2014-08-31,2014-09-30,LowLeverage,3.1272336511423124,3.12003383559851,0.007199815543802224,0.00230760816169838,0.020501148302018345,7.0
2014-08-31,2014-09-30,ProfitGrowth,3.126593796119122,3.12003383559851,0.006559960520611696,0.0021025286475309366,0.018679190136227212,8.0
2014-08-31,2014-09-30,Profitability,3.1220351923411735,3.12003383559851,0.0020013567426633294,0.0006414535380445363,0.005698772577848192,9.0
2014-08-31,2014-09-30,DebtIssuance,3.120831411959597,3.12003383559851,0.0007975763610867936,0.00025563067681725834,0.0022710625239420234,10.0
2014-08-31,2014-09-30,Accruals,3.1191549273919614,3.12003383559851,-0.0008789082065487897,-0.00028169829330719113,0.0,11.0
2014-08-31,2014-09-30,Investment,3.1190742510592586,3.12003383559851,-0.0009595845392516011,-0.00030755581183225403,0.0,12.0
2014-08-31,2014-09-30,Seasonality,3.1178718942339825,3.12003383559851,-0.002161941364527742,-0.0006929224099625896,0.0,13.0
2014-08-31,2014-09-30,ALL,3.12003383559851,3.12003383559851,0.0,0.0,0.0,
2014-09-30,2014-10-31,LowRisk,3.226622962772533,3.110613908375536,0.11600905439699716,0.03729458486784072,0.36512591991565085,1.0
2014-09-30,2014-10-31,Value,3.1937244908859475,3.110613908375536,0.08311058251041148,0.026718385810154927,0.2615815468160999,2.0
2014-09-30,2014-10-31,Momentum,3.1382487318764367,3.110613908375536,0.02763482350090074,0.008884041644156522,0.08697761054014944,3.0
2014-09-30,2014-10-31,Quality,3.1355358178268995,3.110613908375536,0.024921909451363522,0.008011894174413486,0.07843900772903119,4.0
2014-09-30,2014-10-31,ShortTermReversal,3.1301574553828884,3.110613908375536,0.01954354700735239,0.0062828584912869075,0.06151119510943118,5.0
2014-09-30,2014-10-31,Size,3.1291038567936336,3.110613908375536,0.01848994841809759,0.005944147670757907,0.05819510779087573,6.0
2014-09-30,2014-10-31,LowLeverage,3.1199065944559963,3.110613908375536,0.0092926860804603,0.0029874122453574584,0.029247721837333217,7.0
2014-09-30,2014-10-31,Seasonality,3.1178881591575545,3.110613908375536,0.007274250782018488,0.0023385257689590086,0.02289491559333314,8.0
2014-09-30,2014-10-31,DebtIssuance,3.116383620229144,3.110613908375536,0.005769711853607973,0.0018548466712865386,0.018159542452501676,9.0
2014-09-30,2014-10-31,ProfitGrowth,3.116005523106008,3.110613908375536,0.005391614730472227,0.0017332960274995697,0.01696952275429807,10.0
2014-09-30,2014-10-31,Investment,3.1108991952364717,3.110613908375536,0.00028528686093576283,9.171400544683764e-05,0.0008979094612955921,11.0
2014-09-30,2014-10-31,Accruals,3.1104160326686787,3.110613908375536,-0.00019787570685725342,-6.361307210916143e-05,0.0,12.0
2014-09-30,2014-10-31,Profitability,3.1082010932857806,3.110613908375536,-0.002412815089755327,-0.0007756716715175293,0.0,13.0
2014-09-30,2014-10-31,ALL,3.110613908375536,3.110613908375536,0.0,0.0,0.0,
2014-10-31,2014-11-30,LowRisk,3.195738058272338,3.088858971512368,0.10687908675997004,0.03460147832765569,0.37306316605103584,1.0
2014-10-31,2014-11-30,ShortTermReversal,3.123290055287539,3.088858971512368,0.0344310837751709,0.011146861702887246,0.1201822499904125,2.0
2014-10-31,2014-11-30,Value,3.1228337503189914,3.088858971512368,0.03397477880662336,0.010999135641983881,0.1185895101812348,3.0
2014-10-31,2014-11-30,Momentum,3.1182486073067,3.088858971512368,0.02938963579433196,0.009514722447798319,0.10258499497795862,4.0
2014-10-31,2014-11-30,Size,3.1143866653450836,3.088858971512368,0.02552769383271558,0.008264441357844416,0.08910482463797809,5.0
2014-10-31,2014-11-30,Quality,3.105639879049176,3.088858971512368,0.016780907536808165,0.0054327205261145,0.058574026824825556,6.0
2014-10-31,2014-11-30,LowLeverage,3.100413474031714,3.088858971512368,0.011554502519345977,0.0037407025137468995,0.040331176310409264,7.0
2014-10-31,2014-11-30,Profitability,3.0974254303093227,3.088858971512368,0.008566458796954723,0.0027733408601560115,0.0299013617866599,8.0
2014-10-31,2014-11-30,Seasonality,3.095771183232912,3.088858971512368,0.006912211720544015,0.002237788058403863,0.02412718584200177,9.0
2014-10-31,2014-11-30,DebtIssuance,3.09359386075244,3.088858971512368,0.004734889240071816,0.0015328926583376896,0.01652720681239726,10.0
2014-10-31,2014-11-30,ProfitGrowth,3.0929414906371053,3.088858971512368,0.004082519124737338,0.0013216916545524427,0.014250098464621667,11.0
2014-10-31,2014-11-30,Investment,3.0925157941699872,3.088858971512368,0.003656822657619241,0.0011838749167071188,0.012764198120464736,12.0
2014-10-31,2014-11-30,Accruals,3.0863367003317914,3.088858971512368,-0.002522271180576574,-0.0008165705212956417,0.0,13.0
2014-10-31,2014-11-30,ALL,3.088858971512368,3.088858971512368,0.0,0.0,0.0,
2014-11-30,2014-12-31,LowRisk,3.0914466211722957,3.018634515214951,0.07281210595734455,0.024120875048087676,0.2825636452089134,1.0
2014-11-30,2014-12-31,Momentum,3.056617298931288,3.018634515214951,0.03798278371633668,0.012582769965986423,0.14740067851295624,2.0
2014-11-30,2014-12-31,Quality,3.049259155688029,3.018634515214951,0.03062464047307767,0.01014519655119525,0.11884575966467263,3.0
2014-11-30,2014-12-31,Size,3.047944193686516,3.018634515214951,0.029309678471564737,0.009709581707833103,0.11374275582247674,4.0
2014-11-30,2014-12-31,Value,3.0474849342050834,3.018634515214951,0.028850418990132187,0.009557440241511915,0.11196049679474913,5.0
2014-11-30,2014-12-31,LowLeverage,3.0417211219107196,3.018634515214951,0.023086606695768452,0.007648029789430967,0.08959273540697285,6.0
2014-11-30,2014-12-31,ShortTermReversal,3.029762336523187,3.018634515214951,0.011127821308235752,0.0036863758272648525,0.04318399681957485,7.0
2014-11-30,2014-12-31,Seasonality,3.0285959713495805,3.018634515214951,0.009961456134629287,0.0032999874891843114,0.038657656168309476,8.0
2014-11-30,2014-12-31,ProfitGrowth,3.026923809252488,3.018634515214951,0.008289294037536976,0.0027460409651304577,0.03216845754780283,9.0
2014-11-30,2014-12-31,Investment,3.0233365110717787,3.018634515214951,0.004701995856827512,0.0015576565606494736,0.018247145465628067,10.0
2014-11-30,2014-12-31,DebtIssuance,3.0195716272401367,3.018634515214951,0.000937112025185538,0.00031044236076350833,0.0036366725879437766,11.0
2014-11-30,2014-12-31,Accruals,3.017873855311641,3.018634515214951,-0.0007606599033103123,-0.0002519880758920386,0.0,12.0
2014-11-30,2014-12-31,Profitability,3.0118702642461486,3.018634515214951,-0.006764250968802621,-0.002240831387406617,0.0,13.0
2014-11-30,2014-12-31,ALL,3.018634515214951,3.018634515214951,0.0,0.0,0.0,
2014-12-31,2015-01-31,ShortTermReversal,3.3266501215331936,3.263905198371575,0.06274492316161862,0.019223880397299303,0.3870886516760992,1.0
2014-12-31,2015-01-31,Momentum,3.3012376680650326,3.263905198371575,0.037332469693457604,0.01143797611281219,0.23031306166646281,2.0
2014-12-31,2015-01-31,LowRisk,3.3007578653322476,3.263905198371575,0.036852666960672575,0.011290973456906493,0.22735304221714625,3.0
2014-12-31,2015-01-31,Seasonality,3.272278815323101,3.263905198371575,0.008373616951526053,0.002565520884523181,0.05165887424978292,4.0
2014-12-31,2015-01-31,DebtIssuance,3.269644583206721,3.263905198371575,0.005739384835146133,0.0017584410349937927,0.03540765731060712,5.0
2014-12-31,2015-01-31,Value,3.2677010313709416,3.263905198371575,0.0037958329993665885,0.001162972809768005,0.023417414567992473,6.0
2014-12-31,2015-01-31,Quality,3.267544467443809,3.263905198371575,0.003639269072233997,0.0011150045271074963,0.022451533722162676,7.0
2014-12-31,2015-01-31,Size,3.266092095101463,3.263905198371575,0.0021868967298881437,0.0006700245861856614,0.013491496425085979,8.0
2014-12-31,2015-01-31,Accruals,3.2650150895096903,3.263905198371575,0.0011098911381153265,0.00034005005374208554,0.006847187668931874,9.0
2014-12-31,2015-01-31,LowLeverage,3.264224699585869,3.263905198371575,0.00031950121429380474,9.788924459362668e-05,0.001971080495728746,10.0
2014-12-31,2015-01-31,Investment,3.245163314607337,3.263905198371575,-0.018741883764238132,-0.00574216548127342,0.0,11.0
2014-12-31,2015-01-31,ProfitGrowth,3.251273214699576,3.263905198371575,-0.012631983671998803,-0.0038702054453974774,0.0,12.0
2014-12-31,2015-01-31,Profitability,3.250906537767875,3.263905198371575,-0.012998660603699808,-0.003982548454589027,0.0,13.0
2014-12-31,2015-01-31,ALL,3.263905198371575,3.263905198371575,0.0,0.0,0.0,
2015-01-31,2015-02-28,LowLeverage,2.9427629543081113,2.9124859169623485,0.030277037345762814,0.010395599569916899,0.3418099992351861,1.0
2015-01-31,2015-02-28,Quality,2.9354070385348243,2.9124859169623485,0.022921121572475833,0.007869951040443829,0.2587660231642186,2.0
2015-01-31,2015-02-28,ProfitGrowth,2.929781284851106,2.9124859169623485,0.017295367888757518,0.00593835245280642,0.19525456263493363,3.0
2015-01-31,2015-02-28,Investment,2.9223702896072927,2.9124859169623485,0.00988437264494424,0.0033937924256998288,0.11158877163658508,4.0
2015-01-31,2015-02-28,LowRisk,2.9163199320769224,2.9124859169623485,0.00383401511457393,0.001316406404660907,0.043283782637458364,5.0
2015-01-31,2015-02-28,DebtIssuance,2.9162727611337327,2.9124859169623485,0.003786844171384196,0.0013002102943501207,0.042751250346683804,6.0
2015-01-31,2015-02-28,Profitability,2.913065717697575,2.9124859169623485,0.0005798007352266765,0.00019907417641057456,0.006545610344934413,7.0
2015-01-31,2015-02-28,Accruals,2.911859847509303,2.9124859169623485,-0.0006260694530455524,-0.0002149605082720975,0.0,8.0
2015-01-31,2015-02-28,Momentum,2.9103046488109405,2.9124859169623485,-0.0021812681514079557,-0.0007489368922624577,0.0,9.0
2015-01-31,2015-02-28,Seasonality,2.9062089693615065,2.9124859169623485,-0.0062769476008419645,-0.002155185563056273,0.0,10.0
2015-01-31,2015-02-28,ShortTermReversal,2.894484248259922,2.9124859169623485,-0.0180016687024267,-0.006180860342563304,0.0,11.0
2015-01-31,2015-02-28,Size,2.9036826455461187,2.9124859169623485,-0.00880327141622983,-0.003022597075906697,0.0,12.0
2015-01-31,2015-02-28,Value,2.8411449821057313,2.9124859169623485,-0.07134093485661719,-0.024494860023571905,0.0,13.0
2015-01-31,2015-02-28,ALL,2.9124859169623485,2.9124859169623485,0.0,0.0,0.0,
2015-02-28,2015-03-31,LowRisk,3.0888486172171676,3.00637487602521,0.08247374119195783,0.027432953172159973,0.29292825269072287,1.0
2015-02-28,2015-03-31,Value,3.0687008627091696,3.00637487602521,0.06232598668395983,0.020731275790317374,0.22136794224072248,2.0
2015-02-28,2015-03-31,Momentum,3.0599786072119306,3.00637487602521,0.05360373118672079,0.017830022334936284,0.19038844470123864,3.0
2015-02-28,2015-03-31,Quality,3.032757229090412,3.00637487602521,0.026382353065202313,0.008775470176920507,0.09370420783109855,4.0
2015-02-28,2015-03-31,Size,3.022844019287032,3.00637487602521,0.01646914326182225,0.005478073740290314,0.05849470739747657,5.0
2015-02-28,2015-03-31,ShortTermReversal,3.0194086555075335,3.00637487602521,0.013033779482323649,0.0043353806560397674,0.04629306485353859,6.0
2015-02-28,2015-03-31,LowLeverage,3.019053180122995,3.00637487602521,0.012678304097785364,0.00421714011745189,0.045030495922355966,7.0
2015-02-28,2015-03-31,Investment,3.014501571165988,3.00637487602521,0.008126695140778128,0.002703154289102695,0.02886420057261154,8.0
2015-02-28,2015-03-31,ProfitGrowth,3.0107147364264186,3.00637487602521,0.004339860401208817,0.0014435526440224368,0.015414211916116182,9.0
2015-02-28,2015-03-31,DebtIssuance,3.0084905702364972,3.00637487602521,0.0021156942112874333,0.0007037359938573715,0.007514471874118614,10.0
2015-02-28,2015-03-31,Accruals,3.0040850801631747,3.00637487602521,-0.002289795862035149,-0.0007616468193289771,0.0,11.0
2015-02-28,2015-03-31,Profitability,3.000331601415379,3.00637487602521,-0.006043274609830895,-0.00201015337708677,0.0,12.0
2015-02-28,2015-03-31,Seasonality,3.0042730056515805,3.00637487602521,-0.0021018703736293,-0.0006991378189030857,0.0,13.0
2015-02-28,2015-03-31,ALL,3.00637487602521,3.00637487602521,0.0,0.0,0.0,
2015-03-31,2015-04-30,LowRisk,3.0250541927932364,2.995530176290131,0.029524016503105432,0.009856023730553765,0.2878030868959853,1.0
2015-03-31,2015-04-30,LowLeverage,3.0179020923778697,2.995530176290131,0.022371916087738697,0.0074684328887134116,0.21808369159907182,2.0
2015-03-31,2015-04-30,Quality,3.0122799260155784,2.995530176290131,0.016749749725447405,0.0055915810356453955,0.16327824756539802,3.0
2015-03-31,2015-04-30,Value,3.0111546411633694,2.995530176290131,0.01562446487323843,0.005215926381549204,0.15230885747347164,4.0
2015-03-31,2015-04-30,ProfitGrowth,3.0073459000893865,2.995530176290131,0.01181572379925555,0.003944451600847817,0.1151808658208283,5.0
2015-03-31,2015-04-30,Investment,2.9990933332051046,2.995530176290131,0.003563156914973664,0.0011894912437124972,0.03473401253235082,6.0
2015-03-31,2015-04-30,DebtIssuance,2.997116692118819,2.995530176290131,0.0015865158286878511,0.0005296277237482884,0.015465516111524956,7.0
2015-03-31,2015-04-30,Profitability,2.99687871816124,2.995530176290131,0.0013485418711089991,0.00045018470579359193,0.013145722001369115,8.0
2015-03-31,2015-04-30,Accruals,2.9950274070525187,2.995530176290131,-0.0005027692376122772,-0.00016783981733575488,0.0,9.0
2015-03-31,2015-04-30,Momentum,2.9943620797003567,2.995530176290131,-0.0011680965897742368,-0.0003899465273359013,0.0,10.0
2015-03-31,2015-04-30,Seasonality,2.9837424829390446,2.995530176290131,-0.011787693351086315,-0.0039350941761117555,0.0,11.0
2015-03-31,2015-04-30,ShortTermReversal,2.9749787535194834,2.995530176290131,-0.020551422770647587,-0.006860696291198733,0.0,12.0
2015-03-31,2015-04-30,Size,2.9836381394587397,2.995530176290131,-0.011892036831391284,-0.00396992723542488,0.0,13.0
2015-03-31,2015-04-30,ALL,2.995530176290131,2.995530176290131,0.0,0.0,0.0,
2015-04-30,2015-05-31,Value,3.066778429171071,2.993187683414331,0.07359074575673974,0.02458607796781882,0.294052691478737,1.0
2015-04-30,2015-05-31,LowRisk,3.0659669411127446,2.993187683414331,0.07277925769841342,0.024314966315574997,0.2908101608425822,2.0
2015-04-30,2015-05-31,Momentum,3.0218187697253787,2.993187683414331,0.028631086311047493,0.009565416318427448,0.11440362375934325,3.0
2015-04-30,2015-05-31,Quality,3.0176876549013714,2.993187683414331,0.024499971487040195,0.00818524398680308,0.09789658309389651,4.0
2015-04-30,2015-05-31,LowLeverage,3.0120326551575176,2.993187683414331,0.018844971743186445,0.006295953924843755,0.07530042813049241,5.0
2015-04-30,2015-05-31,ProfitGrowth,3.00341256882695,2.993187683414331,0.01022488541261879,0.0034160522139244057,0.04085642895345805,6.0
2015-04-30,2015-05-31,Investment,3.0022571594564775,2.993187683414331,0.009069476042146363,0.0030300392095028287,0.036239663195026334,7.0
2015-04-30,2015-05-31,Size,2.998828205479547,2.993187683414331,0.005640522065216036,0.0018844531856358198,0.022538305293231482,8.0
2015-04-30,2015-05-31,Accruals,2.996025674882298,2.993187683414331,0.002837991467966816,0.000948150189075186,0.011339999628593321,9.0
2015-04-30,2015-05-31,ShortTermReversal,2.995494620389335,2.993187683414331,0.002306936975003726,0.0007707291419735503,0.009218020820362926,10.0
2015-04-30,2015-05-31,DebtIssuance,2.995025644532242,2.993187683414331,0.0018379611179106803,0.0006140480692524155,0.007344094804276481,11.0
2015-04-30,2015-05-31,Profitability,2.9876309407149093,2.993187683414331,-0.005556742699421857,-0.00185646317142508,0.0,12.0
2015-04-30,2015-05-31,Seasonality,2.9903405144441253,2.993187683414331,-0.002847168970205871,-0.0009512163189707181,0.0,13.0
2015-04-30,2015-05-31,ALL,2.993187683414331,2.993187683414331,0.0,0.0,0.0,
2015-05-31,2015-06-30,LowRisk,2.9925791160824264,2.9430561647729996,0.049522951309426855,0.016827049344893017,0.31112864095051546,1.0
2015-05-31,2015-06-30,LowLeverage,2.9705645027148075,2.9430561647729996,0.02750833794180796,0.009346861358294772,0.17282152158433753,2.0
2015-05-31,2015-06-30,Quality,2.969718336038363,2.9430561647729996,0.026662171265363632,0.00905934843666842,0.16750546749025078,3.0
2015-05-31,2015-06-30,Momentum,2.9634971486984245,2.9430561647729996,0.020440983925424927,0.006945495695968669,0.12842077017324666,4.0
2015-05-31,2015-06-30,Value,2.955363600874754,2.9430561647729996,0.012307436101754554,0.004181855667271589,0.07732164111138716,5.0
2015-05-31,2015-06-30,ProfitGrowth,2.951908936869632,2.9430561647729996,0.008852772096632489,0.0030080200991731026,0.05561766571342471,6.0
2015-05-31,2015-06-30,Size,2.9483130797102466,2.9430561647729996,0.005256914937247004,0.0017862095192642965,0.03302664232991274,7.0
2015-05-31,2015-06-30,Seasonality,2.947437040847223,2.9430561647729996,0.004380876074223217,0.001488546541061719,0.02752291580179399,8.0
2015-05-31,2015-06-30,Investment,2.945156407404886,2.9430561647729996,0.002100242631886573,0.0007136264190352503,0.013194803993856837,9.0
2015-05-31,2015-06-30,DebtIssuance,2.944332963505126,2.9430561647729996,0.001276798732126494,0.0004338343071427502,0.008021506065173456,10.0
2015-05-31,2015-06-30,Accruals,2.943918625991729,2.9430561647729996,0.000862461218729571,0.00029304952758048823,0.005418424786100702,11.0
2015-05-31,2015-06-30,Profitability,2.935511435635588,2.9430561647729996,-0.007544729137411554,-0.0025635695396229335,0.0,12.0
2015-05-31,2015-06-30,ShortTermReversal,2.94063515965248,2.9430561647729996,-0.0024210051205195704,-0.0008226160103561274,0.0,13.0
2015-05-31,2015-06-30,ALL,2.9430561647729996,2.9430561647729996,0.0,0.0,0.0,
2015-06-30,2015-07-31,Value,3.49425788157861,3.276466956297252,0.21779092528135768,0.0664712717040443,0.3334724836222675,1.0
2015-06-30,2015-07-31,LowRisk,3.440621591113874,3.276466956297252,0.16415463481662185,0.050101111046190326,0.2513468074929517,2.0
2015-06-30,2015-07-31,Momentum,3.3571393609121487,3.276466956297252,0.08067240461489655,0.024621766583010116,0.12352225921238955,3.0
2015-06-30,2015-07-31,ShortTermReversal,3.3285729152365158,3.276466956297252,0.05210595893926362,0.01590309306770753,0.07978249560466631,4.0
2015-06-30,2015-07-31,Size,3.327185396317293,3.276466956297252,0.05071844002004067,0.015479612856330396,0.07765798385346082,5.0
2015-06-30,2015-07-31,Quality,3.305767403123068,3.276466956297252,0.029300446825816007,0.008942695658658054,0.04486363590045967,6.0
2015-06-30,2015-07-31,Seasonality,3.293257310981766,3.276466956297252,0.016790354684514064,0.005124530449557443,0.025708698699499707,7.0
2015-06-30,2015-07-31,ProfitGrowth,3.290671065892037,3.276466956297252,0.014204109594784686,0.004335190857788111,0.021748746868569258,8.0
2015-06-30,2015-07-31,Investment,3.286282746418513,3.276466956297252,0.009815790121260992,0.002995845907249391,0.015029533054341666,9.0
2015-06-30,2015-07-31,Accruals,3.2842257920863114,3.276466956297252,0.007758835789059226,0.00236804945465634,0.011880009404672778,10.0
2015-06-30,2015-07-31,Profitability,3.2835270957651645,3.276466956297252,0.007060139467912396,0.0021548025852490475,0.01081019441027127,11.0
2015-06-30,2015-07-31,DebtIssuance,3.2791950547668196,3.276466956297252,0.0027280984695674526,0.0008326342081137565,0.004177151876449818,12.0
2015-06-30,2015-07-31,LowLeverage,3.2612231750083422,3.276466956297252,-0.015243781288909908,-0.004652505730177411,0.0,13.0
2015-06-30,2015-07-31,ALL,3.276466956297252,3.276466956297252,0.0,0.0,0.0,
2015-07-31,2015-08-31,Value,3.5918990516801514,3.3008791537412967,0.29101989793885474,0.08816435997331369,0.5789892446456522,1.0
2015-07-31,2015-08-31,LowRisk,3.3734198029948748,3.3008791537412967,0.07254064925357806,0.02197616025153745,0.14432090731561897,2.0
2015-07-31,2015-08-31,ShortTermReversal,3.34310648542306,3.3008791537412967,0.0422273316817634,0.012792752995486647,0.08401202476870685,3.0
2015-07-31,2015-08-31,Momentum,3.3425320538906034,3.3008791537412967,0.04165290014930667,0.012618729195855674,0.08286918305433155,4.0
2015-07-31,2015-08-31,Size,3.326380527266783,3.3008791537412967,0.025501373525486315,0.007725630760090819,0.05073543458547355,5.0
2015-07-31,2015-08-31,Profitability,3.3152705067760424,3.3008791537412967,0.014391353034745702,0.004359854561302007,0.028631851918135953,6.0
2015-07-31,2015-08-31,Seasonality,3.3082623098968083,3.3008791537412967,0.00738315615551155,0.002236724160938549,0.014688920021814753,7.0
2015-07-31,2015-08-31,Accruals,3.306106064988547,3.3008791537412967,0.005226911247250499,0.0015834906410694225,0.010399032562066533,8.0
2015-07-31,2015-08-31,Investment,3.3035699571791186,3.3008791537412967,0.0026908034378219092,0.0008151778094548197,0.005353401128199716,9.0
2015-07-31,2015-08-31,DebtIssuance,3.2933046682727967,3.3008791537412967,-0.007574485468500036,-0.002294687298659489,0.0,10.0
2015-07-31,2015-08-31,LowLeverage,3.2969908427475443,3.3008791537412967,-0.0038883109937524196,-0.0011779622375285425,0.0,11.0
2015-07-31,2015-08-31,ProfitGrowth,3.2982324529439313,3.3008791537412967,-0.0026467007973653978,-0.0008018169324270968,0.0,12.0
2015-07-31,2015-08-31,Quality,3.2867925626389547,3.3008791537412967,-0.014086591102342005,-0.004267527057564625,0.0,13.0
2015-07-31,2015-08-31,ALL,3.3008791537412967,3.3008791537412967,0.0,0.0,0.0,
2015-08-31,2015-09-30,Value,3.7190019155701215,3.3186087988360122,0.40039311673410927,0.12065089349324495,0.4430851109713731,1.0
2015-08-31,2015-09-30,LowRisk,3.5153428243344393,3.3186087988360122,0.1967340254984271,0.05928207795008279,0.2177108293739795,2.0
2015-08-31,2015-09-30,Momentum,3.422908104639618,3.3186087988360122,0.10429930580360569,0.031428623295456884,0.11542023964641973,3.0
2015-08-31,2015-09-30,ShortTermReversal,3.4056508134805235,3.3186087988360122,0.08704201464451122,0.026228464974552237,0.09632288644848633,4.0
2015-08-31,2015-09-30,Size,3.3769730192458747,3.3186087988360122,0.058364220409862444,0.017586954036382187,0.06458731680503575,5.0
2015-08-31,2015-09-30,Quality,3.341802807903182,3.3186087988360122,0.02319400906716984,0.0069890759872947485,0.02566707481193444,6.0
2015-08-31,2015-09-30,Seasonality,3.332671175663375,3.3186087988360122,0.014062376827362666,0.004237431309256754,0.015561780501863586,7.0
2015-08-31,2015-09-30,Accruals,3.328563464418987,3.3186087988360122,0.009954665582974975,0.0029996502107951174,0.011016083744128024,8.0
2015-08-31,2015-09-30,ProfitGrowth,3.324808508489561,3.3186087988360122,0.006199709653548879,0.0018681652551886805,0.006860754905677386,9.0
2015-08-31,2015-09-30,Investment,3.320988564398448,3.3186087988360122,0.0023797655624355762,0.0007170973461139104,0.0026335085301125317,10.0
2015-08-31,2015-09-30,Profitability,3.3196339103786445,3.3186087988360122,0.0010251115426322954,0.00030889797646286264,0.001134414260989647,11.0
2015-08-31,2015-09-30,DebtIssuance,3.3169610749281015,3.3186087988360122,-0.001647723907910681,-0.0004965104378945217,0.0,12.0
2015-08-31,2015-09-30,LowLeverage,3.3089027106793387,3.3186087988360122,-0.009706088156673509,-0.002924746104475429,0.0,13.0
2015-08-31,2015-09-30,ALL,3.3186087988360122,3.3186087988360122,0.0,0.0,0.0,
2015-09-30,2015-10-31,Value,3.1142993397378658,3.0646562846091148,0.049643055128751,0.016198571884899902,0.36683235187541113,1.0
2015-09-30,2015-10-31,LowRisk,3.099889573537868,3.0646562846091148,0.035233288928753215,0.011496652693385838,0.2603528370387305,2.0
2015-09-30,2015-10-31,Quality,3.0850405061106025,3.0646562846091148,0.020384221501487776,0.006651389130930781,0.15062715006452942,3.0
2015-09-30,2015-10-31,LowLeverage,3.082082080007858,3.0646562846091148,0.017425795398743116,0.005686052131280265,0.1287661585863699,4.0
2015-09-30,2015-10-31,ProfitGrowth,3.070505132026525,3.0646562846091148,0.005848847417410319,0.001908483978051169,0.04321946842966255,5.0
2015-09-30,2015-10-31,Momentum,3.0698605073489613,3.0646562846091148,0.0052042227398465535,0.0016981423874456879,0.03845607935269391,6.0
2015-09-30,2015-10-31,DebtIssuance,3.06624585289931,3.0646562846091148,0.001589568290195409,0.0005186775098330978,0.011745954652602553,7.0
2015-09-30,2015-10-31,Accruals,3.064205443871828,3.0646562846091148,-0.00045084073728673957,-0.00014710972305471528,0.0,8.0
2015-09-30,2015-10-31,Investment,3.0628217285665484,3.0646562846091148,-0.0018345560425663265,-0.0005986172256182775,0.0,9.0
2015-09-30,2015-10-31,Profitability,3.0645993216506775,3.0646562846091148,-5.696295843726773e-05,-1.8587062674316556e-05,0.0,10.0
2015-09-30,2015-10-31,Seasonality,3.0602827134717034,3.0646562846091148,-0.004373571137411325,-0.001427100050134711,0.0,11.0
2015-09-30,2015-10-31,ShortTermReversal,3.040264397911063,3.0646562846091148,-0.024391886698051923,-0.007959093755651955,0.0,12.0
2015-09-30,2015-10-31,Size,3.060961433890867,3.0646562846091148,-0.003694850718247711,-0.0012056329895145075,0.0,13.0
2015-09-30,2015-10-31,ALL,3.0646562846091148,3.0646562846091148,0.0,0.0,0.0,
2015-10-31,2015-11-30,Value,3.2684499317907068,3.1415428790210944,0.12690705276961234,0.04039640955311634,0.34646957453474625,1.0
2015-10-31,2015-11-30,LowRisk,3.2251899904274355,3.1415428790210944,0.08364711140634107,0.02662612436867503,0.2283653939440866,2.0
2015-10-31,2015-11-30,Momentum,3.198233909891929,3.1415428790210944,0.0566910308708346,0.01804560149390657,0.15477246470621214,3.0
2015-10-31,2015-11-30,Size,3.1684834190015243,3.1415428790210944,0.02694053998042989,0.00857557608407515,0.07355050189134084,4.0
2015-10-31,2015-11-30,Quality,3.1635944146671418,3.1415428790210944,0.022051535646047338,0.00701933301413941,0.060203006896660353,5.0
2015-10-31,2015-11-30,ShortTermReversal,3.158437192877597,3.1415428790210944,0.016894313856502752,0.0053777123238779485,0.04612325009662941,6.0
2015-10-31,2015-11-30,Seasonality,3.1526258641197624,3.1415428790210944,0.011082985098668008,0.0035278796201315796,0.030257712616503993,7.0
2015-10-31,2015-11-30,LowLeverage,3.151683779954439,3.1415428790210944,0.010140900933344632,0.0032280001654806443,0.027685723961720036,8.0
2015-10-31,2015-11-30,ProfitGrowth,3.1476719413983076,3.1415428790210944,0.0061290623772132236,0.0019509720583928624,0.01673298361112411,9.0
2015-10-31,2015-11-30,Accruals,3.1450714770981367,3.1415428790210944,0.003528598077042311,0.0011232054480637306,0.009633443120583689,10.0
2015-10-31,2015-11-30,Investment,3.142734075262262,3.1415428790210944,0.0011911962411677024,0.00037917554750641487,0.003252090769249873,11.0
2015-10-31,2015-11-30,DebtIssuance,3.14240911046909,3.1415428790210944,0.0008662314479956912,0.00027573440228376226,0.0023649027747932078,12.0
2015-10-31,2015-11-30,Profitability,3.1417586037219585,3.1415428790210944,0.0002157247008640617,6.86683929430502e-05,0.0005889510763495069,13.0
2015-10-31,2015-11-30,ALL,3.1415428790210944,3.1415428790210944,0.0,0.0,0.0,
2015-11-30,2015-12-31,Value,3.4449827877966834,3.277545049065761,0.16743773873092227,0.051086327182184456,0.39449001457868127,1.0
2015-11-30,2015-12-31,LowRisk,3.3685441105510243,3.277545049065761,0.09099906148526316,0.027764396865026075,0.21439743133211653,2.0
2015-11-30,2015-12-31,Momentum,3.3456945995591187,3.277545049065761,0.06814955049335758,0.02079286462066573,0.16056306882440136,3.0
2015-11-30,2015-12-31,Size,3.31948505216167,3.277545049065761,0.04194000309590873,0.012796163734763433,0.09881232605107722,4.0
2015-11-30,2015-12-31,ShortTermReversal,3.3055540046365337,3.277545049065761,0.028008955570772542,0.008545711851849687,0.0659902204556417,5.0
2015-11-30,2015-12-31,Quality,3.2970238623013306,3.277545049065761,0.019478813235569437,0.005943110756363737,0.04589286367289004,6.0
2015-11-30,2015-12-31,ProfitGrowth,3.2849963338895707,3.277545049065761,0.007451284823809523,0.0022734347544463053,0.017555525301845638,7.0
2015-11-30,2015-12-31,Accruals,3.278520647848648,3.277545049065761,0.0009755987828867774,0.00029766144119509945,0.0022985497833462568,8.0
2015-11-30,2015-12-31,DebtIssuance,3.274960144936377,3.277545049065761,-0.002584904129383947,-0.0007886708163235632,0.0,9.0
2015-11-30,2015-12-31,Investment,3.277515125288596,3.277545049065761,-2.9923777165041798e-05,-9.129936192203167e-06,0.0,10.0
2015-11-30,2015-12-31,LowLeverage,3.272349153487681,3.277545049065761,-0.005195895578080201,-0.0015853010409609017,0.0,11.0
2015-11-30,2015-12-31,Profitability,3.2702790816648206,3.277545049065761,-0.007265967400940543,-0.0022168932210441016,0.0,12.0
2015-11-30,2015-12-31,Seasonality,3.2723484613052083,3.277545049065761,-0.005196587760552873,-0.0015855122302694574,0.0,13.0
2015-11-30,2015-12-31,ALL,3.277545049065761,3.277545049065761,0.0,0.0,0.0,
2015-12-31,2016-01-31,Value,4.6161232665553005,3.924484152989631,0.6916391135656696,0.1762369490111933,0.49744626327382163,1.0
2015-12-31,2016-01-31,LowRisk,4.2192197399953315,3.924484152989631,0.2947355870057007,0.07510173962128862,0.21198210675787835,2.0
2015-12-31,2016-01-31,Momentum,4.066510198046851,3.924484152989631,0.14202604505722016,0.036189735904278326,0.1021491179656448,3.0
2015-12-31,2016-01-31,ShortTermReversal,4.062901218167906,3.924484152989631,0.13841706517827523,0.035270129724649435,0.09955343834053479,4.0
2015-12-31,2016-01-31,Size,4.0410748733672115,3.924484152989631,0.11659072037758067,0.029708546609562198,0.0838553185421081,5.0
2015-12-31,2016-01-31,Accruals,3.931455175596211,3.924484152989631,0.006971022606580224,0.0017762901657456744,0.005013755120012334,6.0
2015-12-31,2016-01-31,DebtIssuance,3.904915175738273,3.924484152989631,-0.019568977251357644,-0.004986382028438108,0.0,7.0
2015-12-31,2016-01-31,Investment,3.897575082133542,3.924484152989631,-0.026909070856088846,-0.0068567153814571525,0.0,8.0
2015-12-31,2016-01-31,LowLeverage,3.8681859405963,3.924484152989631,-0.05629821239333088,-0.014345378959026626,0.0,9.0
2015-12-31,2016-01-31,ProfitGrowth,3.906137217900521,3.924484152989631,-0.018346935089109895,-0.004674992782206394,0.0,10.0
2015-12-31,2016-01-31,Profitability,3.886169831271304,3.924484152989631,-0.03831432171832683,-0.009762893726845445,0.0,11.0
2015-12-31,2016-01-31,Quality,3.9163285990008028,3.924484152989631,-0.008155553988828057,-0.0020781212691648255,0.0,12.0
2015-12-31,2016-01-31,Seasonality,3.887042803317157,3.924484152989631,-0.03744134967247392,-0.009540451232030456,0.0,13.0
2015-12-31,2016-01-31,ALL,3.924484152989631,3.924484152989631,0.0,0.0,0.0,
2016-01-31,2016-02-29,Value,3.3758254589882424,3.2398383904357324,0.13598706855250997,0.041973411067031896,0.38686377826366247,1.0
2016-01-31,2016-02-29,LowRisk,3.3285027597870185,3.2398383904357324,0.08866436935128608,0.027366911143787462,0.252237461177115,2.0
2016-01-31,2016-02-29,Momentum,3.277179354552959,3.2398383904357324,0.03734096411722643,0.011525563814374199,0.10622970710498066,3.0
2016-01-31,2016-02-29,Size,3.2662642142200093,3.2398383904357324,0.026425823784276936,0.008156525295301188,0.07517769256837499,4.0
2016-01-31,2016-02-29,ShortTermReversal,3.2617122202097995,3.2398383904357324,0.021873829774067044,0.00675151879138181,0.06222792006303294,5.0
2016-01-31,2016-02-29,Quality,3.26166622319724,3.2398383904357324,0.021827832761507793,0.006737321474412223,0.06209706513500982,6.0
2016-01-31,2016-02-29,LowLeverage,3.2461510254573396,3.2398383904357324,0.006312635021607171,0.001948441329741195,0.01795854459731562,7.0
2016-01-31,2016-02-29,Seasonality,3.2458407927405117,3.2398383904357324,0.006002402304779331,0.0018526857149723619,0.01707597684840738,8.0
2016-01-31,2016-02-29,Investment,3.243725658768493,3.2398383904357324,0.0038872683327606516,0.0011998340238933477,0.011058722938466612,9.0
2016-01-31,2016-02-29,DebtIssuance,3.241867964776323,3.2398383904357324,0.0020295743405904787,0.0006264430801801559,0.005773848984505679,10.0
2016-01-31,2016-02-29,Accruals,3.2409981261259517,3.2398383904357324,0.0011597356902193212,0.00035796096917764655,0.0032992823191288793,11.0
2016-01-31,2016-02-29,ProfitGrowth,3.236520866971555,3.2398383904357324,-0.003317523464177352,-0.0010239780706256683,0.0,12.0
2016-01-31,2016-02-29,Profitability,3.231892928961972,3.2398383904357324,-0.007945461473760407,-0.0024524252497334616,0.0,13.0
2016-01-31,2016-02-29,ALL,3.2398383904357324,3.2398383904357324,0.0,0.0,0.0,
2016-02-29,2016-03-31,LowRisk,3.0165886306493923,2.98308560217476,0.03350302847463249,0.011230998014340509,0.43733476459175097,1.0
2016-02-29,2016-03-31,Quality,3.0014033976267966,2.98308560217476,0.018317795452036822,0.006140553069842378,0.23911297356064604,2.0
2016-02-29,2016-03-31,LowLeverage,3.0000716087436294,2.98308560217476,0.016986006568869616,0.005694106316119893,0.2217283488200246,3.0
2016-02-29,2016-03-31,DebtIssuance,2.9872334044135846,2.98308560217476,0.004147802238824827,0.001390440232690927,0.054143705756722386,4.0
2016-02-29,2016-03-31,Momentum,2.986552486687538,2.98308560217476,0.003466884512778101,0.0011621806998265947,0.0452552856053181,5.0
2016-02-29,2016-03-31,Accruals,2.9832713688372503,2.98308560217476,0.00018576666249048301,6.227332610068363e-05,0.002424921665537934,6.0
2016-02-29,2016-03-31,Investment,2.9799332251228465,2.98308560217476,-0.003152377051913291,-0.0010567504498077804,0.0,7.0
2016-02-29,2016-03-31,ProfitGrowth,2.971621157448566,2.98308560217476,-0.01146444472619379,-0.00384314976339796,0.0,8.0
2016-02-29,2016-03-31,Profitability,2.9827513639855923,2.98308560217476,-0.0003342381891675572,-0.00011204445119640129,0.0,9.0
2016-02-29,2016-03-31,Seasonality,2.972443766630995,2.98308560217476,-0.010641835543764966,-0.0035673919434315747,0.0,10.0
2016-02-29,2016-03-31,ShortTermReversal,2.964087704335105,2.98308560217476,-0.018997897839654776,-0.006368539282213267,0.0,11.0
2016-02-29,2016-03-31,Size,2.9673758681354268,2.98308560217476,-0.015709734039333068,-0.005266269941392294,0.0,12.0
2016-02-29,2016-03-31,Value,2.9822787715940247,2.98308560217476,-0.0008068305807351628,-0.0002704684639780229,0.0,13.0
2016-02-29,2016-03-31,ALL,2.98308560217476,2.98308560217476,0.0,0.0,0.0,
2016-03-31,2016-04-30,LowRisk,2.998648587135632,2.975416542577003,0.023232044558628928,0.0078079973765648614,0.3682329119641124,1.0
2016-03-31,2016-04-30,LowLeverage,2.9899608616178246,2.975416542577003,0.014544319040821652,0.004888162323727905,0.23053059059959538,2.0
2016-03-31,2016-04-30,Quality,2.9840464938878406,2.975416542577003,0.008629951310837658,0.0029004178700180487,0.1367865877356859,3.0
2016-03-31,2016-04-30,Profitability,2.9799331795748785,2.975416542577003,0.004516636997875523,0.001517984770617586,0.07158966959689342,4.0
2016-03-31,2016-04-30,Investment,2.9794983979458656,2.975416542577003,0.00408185536886263,0.001371860144773996,0.06469828709649043,5.0
2016-03-31,2016-04-30,DebtIssuance,2.9794962332617447,2.975416542577003,0.004079690684741788,0.0013711326217230664,0.0646639763867598,6.0
2016-03-31,2016-04-30,Momentum,2.977834175385977,2.975416542577003,0.002417632808974002,0.0008125359170316686,0.03832000093929799,7.0
2016-03-31,2016-04-30,Accruals,2.9764451389940056,2.975416542577003,0.0010285964170027029,0.0003456982920824381,0.01630347483678858,8.0
2016-03-31,2016-04-30,Size,2.9759764403817712,2.975416542577003,0.0005598978047682834,0.00018817459564278585,0.008874500844376252,9.0
2016-03-31,2016-04-30,ProfitGrowth,2.973415333294497,2.975416542577003,-0.0020012092825059113,-0.0006725812180813741,0.0,10.0
2016-03-31,2016-04-30,Seasonality,2.9629798427267544,2.975416542577003,-0.012436699850248534,-0.004179818076657304,0.0,11.0
2016-03-31,2016-04-30,ShortTermReversal,2.9695195899432556,2.975416542577003,-0.005896952633747343,-0.001981891459351773,0.0,12.0
2016-03-31,2016-04-30,Value,2.9417421931579506,2.975416542577003,-0.03367434941905234,-0.011317524433028475,0.0,13.0
2016-03-31,2016-04-30,ALL,2.975416542577003,2.975416542577003,0.0,0.0,0.0,
2016-04-30,2016-05-31,Value,3.254786982047601,3.1202131808447935,0.1345738012028077,0.04312968166052424,0.3413968627724297,1.0
2016-04-30,2016-05-31,LowRisk,3.222134876869453,3.1202131808447935,0.10192169602465961,0.032664978358005796,0.2585625653750059,2.0
2016-04-30,2016-05-31,Momentum,3.1804924005767425,3.1202131808447935,0.06027921973194905,0.01931894272545459,0.15292082354011705,3.0
2016-04-30,2016-05-31,Size,3.1498475231418945,3.1202131808447935,0.029634342297101046,0.009497537693587202,0.07517861129082483,4.0
2016-04-30,2016-05-31,Quality,3.139119474256391,3.1202131808447935,0.018906293411597552,0.006059295412141903,0.04796289619290174,5.0
2016-04-30,2016-05-31,LowLeverage,3.1338977797245473,3.1202131808447935,0.013684598879753818,0.004385789715832407,0.034716111784688045,6.0
2016-04-30,2016-05-31,ShortTermReversal,3.131922691649643,3.1202131808447935,0.011709510804849721,0.003752791917146952,0.02970556094607929,7.0
2016-04-30,2016-05-31,ProfitGrowth,3.130432504426758,3.1202131808447935,0.010219323581964534,0.003275200439733309,0.025925142779322865,8.0
2016-04-30,2016-05-31,Seasonality,3.12854500735982,3.1202131808447935,0.00833182651502673,0.0026702747639733063,0.02113679934705542,9.0
2016-04-30,2016-05-31,Investment,3.1251383851889325,3.1202131808447935,0.004925204344139011,0.0015784832826087605,0.012494625971575211,10.0
2016-04-30,2016-05-31,Accruals,3.119890491062727,3.1202131808447935,-0.00032268978206628773,-0.00010341914586070683,0.0,11.0
2016-04-30,2016-05-31,DebtIssuance,3.117206413909611,3.1202131808447935,-0.0030067669351825366,-0.0009636415080999237,0.0,12.0
2016-04-30,2016-05-31,Profitability,3.117489285800223,3.1202131808447935,-0.00272389504457049,-0.0008729836349941318,0.0,13.0
2016-04-30,2016-05-31,ALL,3.1202131808447935,3.1202131808447935,0.0,0.0,0.0,
2016-05-31,2016-06-30,Value,3.1917995459245714,3.104212633007502,0.08758691291706944,0.028215500441479507,0.5180378887636538,1.0
2016-05-31,2016-06-30,LowRisk,3.1555255234673636,3.104212633007502,0.05131289045986165,0.016530082351397236,0.3034930739636435,2.0
2016-05-31,2016-06-30,Momentum,3.118381272099003,3.104212633007502,0.014168639091501234,0.00456432621298046,0.08380123967338769,3.0
2016-05-31,2016-06-30,Quality,3.1117033291221934,3.104212633007502,0.007490696114691442,0.0024130744250705906,0.044304157680486206,4.0
2016-05-31,2016-06-30,LowLeverage,3.1101748715964073,3.104212633007502,0.005962238588905322,0.0019206927146381834,0.035264006779485,5.0
2016-05-31,2016-06-30,Size,3.1067655934792,3.104212633007502,0.0025529604716978405,0.000822418040746267,0.01509963313934391,6.0
2016-05-31,2016-06-30,Accruals,3.103272661177133,3.104212633007502,-0.0009399718303688687,-0.0003028052332414424,0.0,7.0
2016-05-31,2016-06-30,DebtIssuance,3.1035774616806306,3.104212633007502,-0.0006351713268712977,-0.00020461592099633812,0.0,8.0
2016-05-31,2016-06-30,Investment,3.0985530016900693,3.104212633007502,-0.005659631317432634,-0.0018232099364756875,0.0,9.0
2016-05-31,2016-06-30,ProfitGrowth,3.1000324403717734,3.104212633007502,-0.004180192635728552,-0.001346619297685994,0.0,10.0
2016-05-31,2016-06-30,Profitability,3.103717259765892,3.104212633007502,-0.0004953732416099754,-0.0001595809630895147,0.0,11.0
2016-05-31,2016-06-30,Seasonality,3.097038034200187,3.104212633007502,-0.007174598807314858,-0.002311245927880843,0.0,12.0
2016-05-31,2016-06-30,ShortTermReversal,3.099412130865097,3.104212633007502,-0.0048005021424049055,-0.0015464475891118197,0.0,13.0
2016-05-31,2016-06-30,ALL,3.104212633007502,3.104212633007502,0.0,0.0,0.0,
2016-06-30,2016-07-31,LowRisk,3.0024901374390582,2.9692780774857237,0.03321205995333454,0.011185230580174323,0.4916529491964211,1.0
2016-06-30,2016-07-31,Quality,2.9850426244843495,2.9692780774857237,0.01576454699862584,0.0053092188024284614,0.23336962644022335,2.0
2016-06-30,2016-07-31,LowLeverage,2.983949083564124,2.9692780774857237,0.014671006078400328,0.004940933686757692,0.2171814520466064,3.0
2016-06-30,2016-07-31,DebtIssuance,2.973182301594991,2.9692780774857237,0.0039042241092674956,0.0013148731804107246,0.05779597231674911,4.0
2016-06-30,2016-07-31,Accruals,2.968103532659062,2.9692780774857237,-0.0011745448266617942,-0.0003955657893976558,0.0,5.0
2016-06-30,2016-07-31,Investment,2.959352199714158,2.9692780774857237,-0.009925877771565617,-0.003342858941649038,0.0,6.0
2016-06-30,2016-07-31,Momentum,2.9642872514903313,2.9692780774857237,-0.004990825995392356,-0.0016808213529190253,0.0,7.0
2016-06-30,2016-07-31,ProfitGrowth,2.964672137535328,2.9692780774857237,-0.004605939950395488,-0.0015511985843695817,0.0,8.0
2016-06-30,2016-07-31,Profitability,2.9646333800940283,2.9692780774857237,-0.004644697391695374,-0.001564251400673235,0.0,9.0
2016-06-30,2016-07-31,Seasonality,2.9510512912922584,2.9692780774857237,-0.018226786193465294,-0.006138457132616919,0.0,10.0
2016-06-30,2016-07-31,ShortTermReversal,2.9444764657997475,2.9692780774857237,-0.024801611685976166,-0.008352741319188691,0.0,11.0
2016-06-30,2016-07-31,Size,2.957539750386985,2.9692780774857237,-0.011738327098738566,-0.003953259611399601,0.0,12.0
2016-06-30,2016-07-31,Value,2.930378068923194,2.9692780774857237,-0.03890000856252973,-0.013100830419853717,0.0,13.0
2016-06-30,2016-07-31,ALL,2.9692780774857237,2.9692780774857237,0.0,0.0,0.0,
2016-07-31,2016-08-31,Value,3.140707288684989,3.058173471201631,0.08253381748335809,0.026987945013769454,0.40242310959989375,1.0
2016-07-31,2016-08-31,LowRisk,3.1141747990259647,3.058173471201631,0.05600132782433365,0.018312018056428094,0.27305447841832287,2.0
2016-07-31,2016-08-31,Momentum,3.0801584238978994,3.058173471201631,0.021984952696268323,0.007188916162963737,0.1071954902634039,3.0
2016-07-31,2016-08-31,Quality,3.0710331864976053,3.058173471201631,0.012859715295974183,0.004205031342097571,0.06270213563087315,4.0
2016-07-31,2016-08-31,LowLeverage,3.0687267708275647,3.058173471201631,0.010553299625933654,0.003450850556815211,0.05145638214134405,5.0
2016-07-31,2016-08-31,Size,3.067019288146952,3.058173471201631,0.008845816945320717,0.0028925164084446066,0.04313094039064869,6.0
2016-07-31,2016-08-31,Profitability,3.0639724944342355,3.058173471201631,0.0057990232326043945,0.0018962375049070767,0.028275209278635898,7.0
2016-07-31,2016-08-31,DebtIssuance,3.061343473431006,3.058173471201631,0.003170002229374802,0.0010365671729305895,0.015456478247123717,8.0
2016-07-31,2016-08-31,ShortTermReversal,3.059997974000835,3.058173471201631,0.0018245027992040974,0.0005965988575812234,0.008896015140429802,9.0
2016-07-31,2016-08-31,Accruals,3.059453340066401,3.058173471201631,0.0012798688647697176,0.000418507608159594,0.006240457840745932,10.0
2016-07-31,2016-08-31,ProfitGrowth,3.058413286068352,3.058173471201631,0.0002398148667208666,7.841767936945627e-05,0.0011693030485782953,11.0
2016-07-31,2016-08-31,Investment,3.056655011222188,3.058173471201631,-0.0015184599794428877,-0.0004965251297030733,0.0,12.0
2016-07-31,2016-08-31,Seasonality,3.05490747215164,3.058173471201631,-0.0032659990499910307,-0.00106795741992613,0.0,13.0
2016-07-31,2016-08-31,ALL,3.058173471201631,3.058173471201631,0.0,0.0,0.0,
2016-08-31,2016-09-30,LowRisk,2.996409200166559,2.954911373278812,0.04149782688774728,0.014043679029770932,0.5530477811144844,1.0
2016-08-31,2016-09-30,Quality,2.9686282126258616,2.954911373278812,0.013716839347049703,0.004642047633337071,0.18280638129100601,2.0
2016-08-31,2016-09-30,LowLeverage,2.962171729763542,2.954911373278812,0.007260356484730224,0.002457047121746338,0.09675986298853108,3.0
2016-08-31,2016-09-30,Momentum,2.961392792387241,2.954911373278812,0.006481419108429254,0.002193439426657788,0.08637884740533713,4.0
2016-08-31,2016-09-30,ProfitGrowth,2.9581126576575896,2.954911373278812,0.003201284378777647,0.0010833774602266517,0.0426639984592106,5.0
2016-08-31,2016-09-30,DebtIssuance,2.9577884420840426,2.954911373278812,0.0028770688052306426,0.0009736565472818922,0.03834312874143092,6.0
2016-08-31,2016-09-30,Accruals,2.9539709058554706,2.954911373278812,-0.0009404674233413068,-0.0003182726330968603,0.0,7.0
2016-08-31,2016-09-30,Investment,2.9482671326275667,2.954911373278812,-0.006644240651245248,-0.002248541432182686,0.0,8.0
2016-08-31,2016-09-30,Profitability,2.9502357867555777,2.954911373278812,-0.0046755865232341876,-0.001582310239662481,0.0,9.0
2016-08-31,2016-09-30,Seasonality,2.936833532791256,2.954911373278812,-0.018077840487555896,-0.006117896005624178,0.0,10.0
2016-08-31,2016-09-30,ShortTermReversal,2.935755275002243,2.954911373278812,-0.019156098276568834,-0.006482799602653718,0.0,11.0
2016-08-31,2016-09-30,Size,2.9441232418808676,2.954911373278812,-0.010788131397944323,-0.003650915386329729,0.0,12.0
2016-08-31,2016-09-30,Value,2.92383701870236,2.954911373278812,-0.031074354576452023,-0.010516171434939341,0.0,13.0
2016-08-31,2016-09-30,ALL,2.954911373278812,2.954911373278812,0.0,0.0,0.0,
2016-09-30,2016-10-31,Value,3.542893779674151,3.152162539555757,0.3907312401183938,0.12395656480755608,0.6429072480889444,1.0
2016-09-30,2016-10-31,LowRisk,3.2310152854469636,3.152162539555757,0.0788527458912065,0.025015444128182372,0.1297439177113443,2.0
2016-09-30,2016-10-31,Momentum,3.1967031139054267,3.152162539555757,0.044540574349669626,0.014130164225588078,0.07328684052693206,3.0
2016-09-30,2016-10-31,Size,3.180851387565272,3.152162539555757,0.028688848009514878,0.009101322552217779,0.0472044884843364,4.0
2016-09-30,2016-10-31,ShortTermReversal,3.173817741029309,3.152162539555757,0.021655201473552044,0.0068699507724636465,0.03563136129569386,5.0
2016-09-30,2016-10-31,Seasonality,3.166217018910071,3.152162539555757,0.014054479354313809,0.004458678503391689,0.023125170749763696,6.0
2016-09-30,2016-10-31,ProfitGrowth,3.1602752937400354,3.152162539555757,0.008112754184278259,0.0025737106137368195,0.013348685570818456,7.0
2016-09-30,2016-10-31,Quality,3.160266475864394,3.152162539555757,0.008103936308637039,0.0025709132086123797,0.013334176681893246,8.0
2016-09-30,2016-10-31,LowLeverage,3.158248445962574,3.152162539555757,0.006085906406816832,0.0019307083091199147,0.0100137202721439,9.0
2016-09-30,2016-10-31,Profitability,3.1580216993191454,3.152162539555757,0.005859159763388355,0.0018587746316578277,0.009640632467606346,10.0
2016-09-30,2016-10-31,Investment,3.1530347214314896,3.152162539555757,0.0008721818757324584,0.0002766931796148359,0.001435083740399932,11.0
2016-09-30,2016-10-31,Accruals,3.152362293657526,3.152162539555757,0.00019975410176886754,6.337049541773295e-05,0.00032867441012341005,12.0
2016-09-30,2016-10-31,DebtIssuance,3.1492665620738425,3.152162539555757,-0.0028959774819146133,-0.0009187272057115276,0.0,13.0
2016-09-30,2016-10-31,ALL,3.152162539555757,3.152162539555757,0.0,0.0,0.0,
2016-10-31,2016-11-30,Value,3.0952349647467625,3.0240255342408995,0.07120943050586304,0.023547893263321355,0.4202122249074552,1.0
2016-10-31,2016-11-30,LowRisk,3.07457244298426,3.0240255342408995,0.05054690874336032,0.016715106460253076,0.29828112420436653,2.0
2016-10-31,2016-11-30,Quality,3.0403603757972597,3.0240255342408995,0.016334841556360225,0.005401687707792669,0.09639313311659937,3.0
2016-10-31,2016-11-30,LowLeverage,3.037708168460604,3.0240255342408995,0.013682634219704504,0.004524642422749635,0.08074225741186788,4.0
2016-10-31,2016-11-30,Momentum,3.0342683261606886,3.0240255342408995,0.010242791919789163,0.00338713803961326,0.060443488331567624,5.0
2016-10-31,2016-11-30,ProfitGrowth,3.0274670227969787,3.0240255342408995,0.0034414885560791753,0.0011380487754191761,0.020308483762196444,6.0
2016-10-31,2016-11-30,DebtIssuance,3.0264703607684393,3.0240255342408995,0.002444826527539856,0.0008084675542111665,0.0144271058952747,7.0
2016-10-31,2016-11-30,Investment,3.025583247303307,3.0240255342408995,0.0015577130624073732,0.0005151124039031619,0.009192182370672292,8.0
2016-10-31,2016-11-30,Accruals,3.023216174898497,3.0240255342408995,-0.0008093593424023382,-0.0002676430252449922,0.0,9.0
2016-10-31,2016-11-30,Profitability,3.0213896414019863,3.0240255342408995,-0.0026358928389131897,-0.0008716503247300986,0.0,10.0
2016-10-31,2016-11-30,Seasonality,3.0202107211099625,3.0240255342408995,-0.0038148131309370115,-0.0012615016268024398,0.0,11.0
2016-10-31,2016-11-30,ShortTermReversal,3.0006224858352795,3.0240255342408995,-0.02340304840562002,-0.0077390379613625606,0.0,12.0
2016-10-31,2016-11-30,Size,3.01977514846937,3.0240255342408995,-0.004250385771529697,-0.0014055389821953479,0.0,13.0
2016-10-31,2016-11-30,ALL,3.0240255342408995,3.0240255342408995,0.0,0.0,0.0,
2016-11-30,2016-12-31,Value,3.023746194591869,2.9627124198757397,0.06103377471612914,0.02060064092170275,0.37393168461633697,1.0
2016-11-30,2016-12-31,LowRisk,3.0128300446622127,2.9627124198757397,0.05011762478647297,0.016916128764389145,0.30705241405334266,2.0
2016-11-30,2016-12-31,Quality,2.985900819537021,2.9627124198757397,0.023188399661281167,0.007826746702014947,0.14206687017521705,3.0
2016-11-30,2016-12-31,Momentum,2.974970328802722,2.9627124198757397,0.012257908926982086,0.004137394113835794,0.07509973873086949,4.0
2016-11-30,2016-12-31,LowLeverage,2.9740334559562385,2.9627124198757397,0.011321036080498725,0.003821172789012558,0.06935986038668694,5.0
2016-11-30,2016-12-31,ProfitGrowth,2.967960994175491,2.9627124198757397,0.00524857429975123,0.0017715436248690523,0.032156101091046205,6.0
2016-11-30,2016-12-31,Investment,2.9627668267279312,2.9627124198757397,5.4406852191490884e-05,1.8363865431722457e-05,0.00033333094650067396,7.0
2016-11-30,2016-12-31,Accruals,2.961213694968596,2.9627124198757397,-0.0014987249071438669,-0.000505862431024178,0.0,8.0
2016-11-30,2016-12-31,DebtIssuance,2.96240699242127,2.9627124198757397,-0.00030542745446959785,-0.00010309048303865007,0.0,9.0
2016-11-30,2016-12-31,Profitability,2.9528837340815888,2.9627124198757397,-0.009828685794150971,-0.0033174619744440804,0.0,10.0
2016-11-30,2016-12-31,Seasonality,2.9479760948606977,2.9627124198757397,-0.014736325015042073,-0.0049739302796253625,0.0,11.0
2016-11-30,2016-12-31,ShortTermReversal,2.9366390368782986,2.9627124198757397,-0.026073382997441108,-0.008800510917807765,0.0,12.0
2016-11-30,2016-12-31,Size,2.9566942875743014,2.9627124198757397,-0.006018132301438328,-0.002031291414267854,0.0,13.0
2016-11-30,2016-12-31,ALL,2.9627124198757397,2.9627124198757397,0.0,0.0,0.0,
2016-12-31,2017-01-31,LowRisk,3.0525635902125448,3.0278424595691282,0.024721130643416522,0.008164602674517756,0.4875806588496629,1.0
2016-12-31,2017-01-31,Quality,3.0388652756039223,3.0278424595691282,0.011022816034794047,0.003640485323124318,0.2174055864251013,2.0
2016-12-31,2017-01-31,LowLeverage,3.0330340111789234,3.0278424595691282,0.00519155160979512,0.0017146042699110226,0.10239419025238,3.0
2016-12-31,2017-01-31,DebtIssuance,3.032153890552878,3.0278424595691282,0.004311430983749975,0.0014239284379292,0.08503536468310731,4.0
2016-12-31,2017-01-31,ProfitGrowth,3.0309783792061027,3.0278424595691282,0.00313591963697446,0.0010356944520226827,0.06185047863507789,5.0
2016-12-31,2017-01-31,Momentum,3.0301612334477754,3.0278424595691282,0.0023187738786472067,0.0007658172146040834,0.04573372115467058,6.0
2016-12-31,2017-01-31,Accruals,3.0254257544747234,3.0278424595691282,-0.0024167050944048363,-0.0007981607784008489,0.0,7.0
2016-12-31,2017-01-31,Investment,3.0253031722570336,3.0278424595691282,-0.002539287312094629,-0.0008386457835907282,0.0,8.0
2016-12-31,2017-01-31,Profitability,3.0187170389292843,3.0278424595691282,-0.009125420639843895,-0.003013836010854565,0.0,9.0
2016-12-31,2017-01-31,Seasonality,3.0222911958699132,3.0278424595691282,-0.005551263699214992,-0.0018334057248159982,0.0,10.0
2016-12-31,2017-01-31,ShortTermReversal,3.022298708500292,3.0278424595691282,-0.005543751068836311,-0.001830924542099593,0.0,11.0
2016-12-31,2017-01-31,Size,3.005437226859013,3.0278424595691282,-0.022405232710115186,-0.0073997352931313085,0.0,12.0
2016-12-31,2017-01-31,Value,3.021333213724581,3.0278424595691282,-0.006509245844547262,-0.0021497967385904052,0.0,13.0
2016-12-31,2017-01-31,ALL,3.0278424595691282,3.0278424595691282,0.0,0.0,0.0,
2017-01-31,2017-02-28,Quality,3.071953493502104,3.029530016609901,0.04242347689220294,0.01400331954448683,0.30530770923360434,1.0
2017-01-31,2017-02-28,Momentum,3.067632437352883,3.029530016609901,0.03810242074298209,0.012577007170775418,0.2742104995979918,2.0
2017-01-31,2017-02-28,LowRisk,3.0593945175060817,3.029530016609901,0.029864500896180868,0.009857799966477898,0.214924919501204,3.0
2017-01-31,2017-02-28,ProfitGrowth,3.04141935202115,3.029530016609901,0.011889335411249036,0.003924481799508103,0.08556360828090356,4.0
2017-01-31,2017-02-28,Investment,3.038372525880233,3.029530016609901,0.008842509270332144,0.002918772622106934,0.06363660989083607,5.0
2017-01-31,2017-02-28,LowLeverage,3.0373609527932293,3.029530016609901,0.007830936183328419,0.0025848683262400477,0.05635665349546021,6.0
2017-01-31,2017-02-28,Accruals,3.0232142395000663,3.029530016609901,-0.006315777109834553,-0.0020847382515463645,0.0,7.0
2017-01-31,2017-02-28,DebtIssuance,3.025987670594276,3.029530016609901,-0.0035423460156249753,-0.0011692724601517317,0.0,8.0
2017-01-31,2017-02-28,Profitability,3.01850689745098,3.029530016609901,-0.011023119158920736,-0.0036385574985178084,0.0,9.0
2017-01-31,2017-02-28,Seasonality,3.011911575990861,3.029530016609901,-0.017618440619040054,-0.005815568924039053,0.0,10.0
2017-01-31,2017-02-28,ShortTermReversal,3.0257703533073728,3.029530016609901,-0.0037596633025280823,-0.00124100546352573,0.0,11.0
2017-01-31,2017-02-28,Size,3.0212817672557537,3.029530016609901,-0.008248249354147141,-0.002722616811493778,0.0,12.0
2017-01-31,2017-02-28,Value,3.0096131715271794,3.029530016609901,-0.0199168450827214,-0.0065742359288483675,0.0,13.0
2017-01-31,2017-02-28,ALL,3.029530016609901,3.029530016609901,0.0,0.0,0.0,
2017-02-28,2017-03-31,Momentum,3.1463122999991437,3.0929234984874094,0.05338880151173431,0.01726159781767769,0.34853266383544335,1.0
2017-02-28,2017-03-31,Quality,3.1375750921281975,3.0929234984874094,0.04465159364078808,0.014436695140576508,0.29149444144576137,2.0
2017-02-28,2017-03-31,LowRisk,3.1207382158026906,3.0929234984874094,0.02781471731528118,0.008993018200703617,0.18157998016857646,3.0
2017-02-28,2017-03-31,LowLeverage,3.1095839983391604,3.0929234984874094,0.016660499851751,0.005386651127937305,0.10876304074524927,4.0
2017-02-28,2017-03-31,ProfitGrowth,3.1001422058976162,3.0929234984874094,0.007218707410206804,0.0023339430845079434,0.04712515081603866,5.0
2017-02-28,2017-03-31,Investment,3.0963708086347874,3.0929234984874094,0.00344731014737798,0.0011145798300746471,0.022504722988931018,6.0
2017-02-28,2017-03-31,Accruals,3.078353969361962,3.0929234984874094,-0.01456952912544729,-0.004710601194168721,0.0,7.0
2017-02-28,2017-03-31,DebtIssuance,3.0882076046553637,3.0929234984874094,-0.004715893832045737,-0.0015247366559024299,0.0,8.0
2017-02-28,2017-03-31,Profitability,3.06935487789318,3.0929234984874094,-0.023568620594229373,-0.0076201757352729795,0.0,9.0
2017-02-28,2017-03-31,Seasonality,3.0722056778433484,3.0929234984874094,-0.020717820644061025,-0.006698458805784575,0.0,10.0
2017-02-28,2017-03-31,ShortTermReversal,3.0837295543659384,3.0929234984874094,-0.00919394412147101,-0.002972574047165181,0.0,11.0
2017-02-28,2017-03-31,Size,3.089244686757467,3.0929234984874094,-0.003678811729942222,-0.0011894286204431957,0.0,12.0
2017-02-28,2017-03-31,Value,3.0815645671389493,3.0929234984874094,-0.01135893134846011,-0.003672554899600712,0.0,13.0
2017-02-28,2017-03-31,ALL,3.0929234984874094,3.0929234984874094,0.0,0.0,0.0,
2017-03-31,2017-04-30,Momentum,3.1386661852067443,3.093298882887856,0.0453673023188883,0.014666317105618353,0.4219557069924975,1.0
2017-03-31,2017-04-30,Quality,3.1282040685156245,3.093298882887856,0.034905185627768454,0.01128412964581732,0.3246488445740653,2.0
2017-03-31,2017-04-30,LowRisk,3.1046849228533584,3.093298882887856,0.01138603996550236,0.003680872879271378,0.10590015931998906,3.0
2017-03-31,2017-04-30,LowLeverage,3.101516526874762,3.093298882887856,0.008217643986906165,0.002656595530540618,0.07643129745592078,4.0
2017-03-31,2017-04-30,Investment,3.1009394516491913,3.093298882887856,0.007640568761335231,0.0024700389618355,0.07106399165752733,5.0
2017-03-31,2017-04-30,Accruals,3.079123109051883,3.093298882887856,-0.014175773835972905,-0.0045827365452440925,0.0,6.0
2017-03-31,2017-04-30,DebtIssuance,3.0875937455248206,3.093298882887856,-0.005705137363035462,-0.00184435373982007,0.0,7.0
2017-03-31,2017-04-30,ProfitGrowth,3.088634751270407,3.093298882887856,-0.004664131617448941,-0.0015078179619987383,0.0,8.0
2017-03-31,2017-04-30,Profitability,3.0798793821612893,3.093298882887856,-0.013419500726566724,-0.004338248980983851,0.0,9.0
2017-03-31,2017-04-30,Seasonality,3.0730306951937636,3.093298882887856,-0.020268187694092443,-0.006552288822207306,0.0,10.0
2017-03-31,2017-04-30,ShortTermReversal,3.079932456526992,3.093298882887856,-0.013366426360863937,-0.00432109112857056,0.0,11.0
2017-03-31,2017-04-30,Size,3.077560902392348,3.093298882887856,-0.015737980495508008,-0.005087765874345538,0.0,12.0
2017-03-31,2017-04-30,Value,3.0556629990293622,3.093298882887856,-0.03763588385849381,-0.01216690830190891,0.0,13.0
2017-03-31,2017-04-30,ALL,3.093298882887856,3.093298882887856,0.0,0.0,0.0,
2017-04-30,2017-05-31,Value,3.3447229456826215,3.2208927785831674,0.12383016709945416,0.0384459141027121,0.4014751285808577,1.0
2017-04-30,2017-05-31,LowRisk,3.3060185201554426,3.2208927785831674,0.08512574157227526,0.026429237923815976,0.2759898403094436,2.0
2017-04-30,2017-05-31,Momentum,3.268274274685298,3.2208927785831674,0.047381496102130605,0.01471067165513444,0.15361759323702104,3.0
2017-04-30,2017-05-31,Quality,3.254657947722171,3.2208927785831674,0.033765169139003515,0.010483170803921145,0.10947151198421987,4.0
2017-04-30,2017-05-31,ShortTermReversal,3.2345994288119613,3.2208927785831674,0.013706650228793915,0.004255543779642149,0.04443892221027405,5.0
2017-04-30,2017-05-31,LowLeverage,3.224253985456041,3.2208927785831674,0.0033612068728734457,0.001043563727182499,0.010897513853711642,6.0
2017-04-30,2017-05-31,DebtIssuance,3.2221600028281254,3.2208927785831674,0.001267224244958065,0.0003934388171454444,0.004108522410994648,7.0
2017-04-30,2017-05-31,Size,3.2208930769702007,3.2208927785831674,2.9838703330398175e-07,9.26410948194428e-08,9.674134774151073e-07,8.0
2017-04-30,2017-05-31,Accruals,3.217135183722173,3.2208927785831674,-0.003757594860994473,-0.0011666314650335533,0.0,9.0
2017-04-30,2017-05-31,Investment,3.2129392715176714,3.2208927785831674,-0.007953507065495913,-0.002469348597501146,0.0,10.0
2017-04-30,2017-05-31,ProfitGrowth,3.2142289198680105,3.2208927785831674,-0.006663858715156845,-0.002068947702782021,0.0,11.0
2017-04-30,2017-05-31,Profitability,3.2154544711960606,3.2208927785831674,-0.005438307387106711,-0.0016884471980153771,0.0,12.0
2017-04-30,2017-05-31,Seasonality,3.2199798324622213,3.2208927785831674,-0.0009129461209460565,-0.0002834450519485007,0.0,13.0
2017-04-30,2017-05-31,ALL,3.2208927785831674,3.2208927785831674,0.0,0.0,0.0,
2017-05-31,2017-06-30,Quality,3.110169219171918,3.0545236199985406,0.0556455991733773,0.01821743947535881,0.615590013214453,1.0
2017-05-31,2017-06-30,LowLeverage,3.077219656557065,3.0545236199985406,0.02269603655852448,0.0074303031772055255,0.25107921655127396,2.0
2017-05-31,2017-06-30,Momentum,3.0623419515816086,3.0545236199985406,0.007818331583067994,0.0025595911362020275,0.08649177857785464,3.0
2017-05-31,2017-06-30,ProfitGrowth,3.058757580425852,3.0545236199985406,0.004233960427311612,0.0013861279053764969,0.046838991656418465,4.0
2017-05-31,2017-06-30,Accruals,3.0432781400804907,3.0545236199985406,-0.011245479918049917,-0.003681582242292593,0.0,5.0
2017-05-31,2017-06-30,DebtIssuance,3.053365901917506,3.0545236199985406,-0.0011577180810347087,-0.00037901755725668995,0.0,6.0
2017-05-31,2017-06-30,Investment,3.0330315049702437,3.0545236199985406,-0.021492115028296954,-0.007036159382623214,0.0,7.0
2017-05-31,2017-06-30,LowRisk,3.037920069073995,3.0545236199985406,-0.016603550924545463,-0.005435725170314249,0.0,8.0
2017-05-31,2017-06-30,Profitability,3.0336965072771327,3.0545236199985406,-0.020827112721407914,-0.006818448737815903,0.0,9.0
2017-05-31,2017-06-30,Seasonality,3.0271755348052714,3.0545236199985406,-0.027348085193269256,-0.008953306176523304,0.0,10.0
2017-05-31,2017-06-30,ShortTermReversal,3.0116077921934346,3.0545236199985406,-0.042915827805106055,-0.014049925010933967,0.0,11.0
2017-05-31,2017-06-30,Size,3.0459086344298205,3.0545236199985406,-0.00861498556872009,-0.0028204023410773973,0.0,12.0
2017-05-31,2017-06-30,Value,2.927207930408333,3.0545236199985406,-0.12731568959020745,-0.04168102965603136,0.0,13.0
2017-05-31,2017-06-30,ALL,3.0545236199985406,3.0545236199985406,0.0,0.0,0.0,
2017-06-30,2017-07-31,LowRisk,3.1559894899952257,3.139650305506196,0.016339184489029712,0.005204141512312594,0.2892836830467421,1.0
2017-06-30,2017-07-31,LowLeverage,3.153448970372217,3.139650305506196,0.013798664866020882,0.004394968714133967,0.24430402853032762,2.0
2017-06-30,2017-07-31,Quality,3.1534207122723057,3.139650305506196,0.013770406766109744,0.004385968316904511,0.2438037216010751,3.0
2017-06-30,2017-07-31,ProfitGrowth,3.152223577540876,3.139650305506196,0.012573272034679839,0.004004672753723345,0.22260856682185512,4.0
2017-06-30,2017-07-31,Accruals,3.1209993363526256,3.139650305506196,-0.01865096915357034,-0.005940460668776073,0.0,5.0
2017-06-30,2017-07-31,DebtIssuance,3.136094639211702,3.139650305506196,-0.0035556662944937756,-0.0011325039251212107,0.0,6.0
2017-06-30,2017-07-31,Investment,3.1341324730144486,3.139650305506196,-0.00551783249174731,-0.0017574672192219468,0.0,7.0
2017-06-30,2017-07-31,Momentum,3.1331158262334147,3.139650305506196,-0.0065344792727812795,-0.0020812761412700533,0.0,8.0
2017-06-30,2017-07-31,Profitability,3.1175013675649548,3.139650305506196,-0.022148937941241176,-0.007054587545115211,0.0,9.0
2017-06-30,2017-07-31,Seasonality,3.089623396335561,3.139650305506196,-0.050026909170635125,-0.015933911201161444,0.0,10.0
2017-06-30,2017-07-31,ShortTermReversal,3.1193722985302226,3.139650305506196,-0.020278006975973373,-0.006458683293617317,0.0,11.0
2017-06-30,2017-07-31,Size,3.122196154603392,3.139650305506196,-0.01745415090280389,-0.005559265906841116,0.0,12.0
2017-06-30,2017-07-31,Value,3.0662139052860278,3.139650305506196,-0.07343640022016817,-0.023389993494300397,0.0,13.0
2017-06-30,2017-07-31,ALL,3.139650305506196,3.139650305506196,0.0,0.0,0.0,
2017-07-31,2017-08-31,LowRisk,3.306372978544111,3.2583853917509567,0.04798758679315451,0.014727412820669274,0.42276710246321686,1.0
2017-07-31,2017-08-31,Momentum,3.284963747923039,3.2583853917509567,0.026578356172082263,0.00815690993440155,0.2341533587746377,2.0
2017-07-31,2017-08-31,Quality,3.2729043610848914,3.2583853917509567,0.014518969333934706,0.004455878476097837,0.12791104963284985,3.0
2017-07-31,2017-08-31,Value,3.2723595025127974,3.2583853917509567,0.013974110761840741,0.004288661125604753,0.12311088577444823,4.0
2017-07-31,2017-08-31,LowLeverage,3.2688346963567825,3.2583853917509567,0.010449304605825827,0.0032068964685023614,0.09205760335484739,5.0
2017-07-31,2017-08-31,Accruals,3.2507397120750414,3.2583853917509567,-0.007645679675915229,-0.0023464626668383984,0.0,6.0
2017-07-31,2017-08-31,DebtIssuance,3.2576904529731863,3.2583853917509567,-0.0006949387777703819,-0.00021327703577658845,0.0,7.0
2017-07-31,2017-08-31,Investment,3.254923669675129,3.2583853917509567,-0.0034617220758277334,-0.0010624041234015937,0.0,8.0
2017-07-31,2017-08-31,ProfitGrowth,3.2543099957382187,3.2583853917509567,-0.004075396012737986,-0.0012507409415274825,0.0,9.0
2017-07-31,2017-08-31,Profitability,3.2518660674594626,3.2583853917509567,-0.006519324291494044,-0.0020007836727965315,0.0,10.0
2017-07-31,2017-08-31,Seasonality,3.2442603254798965,3.2583853917509567,-0.014125066271060138,-0.004334989441954796,0.0,11.0
2017-07-31,2017-08-31,ShortTermReversal,3.256812975723648,3.2583853917509567,-0.0015724160273085097,-0.00048257521387411493,0.0,12.0
2017-07-31,2017-08-31,Size,3.2548415067887393,3.2583853917509567,-0.0035438849622173585,-0.0010876199516451255,0.0,13.0
2017-07-31,2017-08-31,ALL,3.2583853917509567,3.2583853917509567,0.0,0.0,0.0,
2017-08-31,2017-09-30,Quality,3.168249143250696,3.1443651372569654,0.02388400599373064,0.007595811857450567,0.5895621493333941,1.0
2017-08-31,2017-09-30,LowLeverage,3.1558997296512925,3.1443651372569654,0.011534592394327081,0.0036683374515433845,0.28472439194116494,2.0
2017-08-31,2017-09-30,ProfitGrowth,3.1475140526181624,3.1443651372569654,0.003148915361196991,0.0010014471041820529,0.07772905889001831,3.0
2017-08-31,2017-09-30,DebtIssuance,3.146309053932367,3.1443651372569654,0.0019439166754016135,0.0006182223089705856,0.04798439983542261,4.0
2017-08-31,2017-09-30,Accruals,3.125277956537939,3.1443651372569654,-0.019087180719026264,-0.006070281244651267,0.0,5.0
2017-08-31,2017-09-30,Investment,3.1395847557490404,3.1443651372569654,-0.004780381507925036,-0.0015203010144347528,0.0,6.0
2017-08-31,2017-09-30,LowRisk,3.1039942917293155,3.1443651372569654,-0.04037084552764991,-0.012839108616650047,0.0,7.0
2017-08-31,2017-09-30,Momentum,3.1018594296054163,3.1443651372569654,-0.04250570765154915,-0.013518057158154873,0.0,8.0
2017-08-31,2017-09-30,Profitability,3.130581341070384,3.1443651372569654,-0.01378379618658121,-0.004383649984939635,0.0,9.0
2017-08-31,2017-09-30,Seasonality,3.0914154349322054,3.1443651372569654,-0.05294970232476004,-0.01683955266434213,0.0,10.0
2017-08-31,2017-09-30,ShortTermReversal,3.0952316996040707,3.1443651372569654,-0.049133437652894685,-0.015625868977722154,0.0,11.0
2017-08-31,2017-09-30,Size,3.112142537046592,3.1443651372569654,-0.032222600210373376,-0.010247728493289188,0.0,12.0
2017-08-31,2017-09-30,Value,3.034865234029892,3.1443651372569654,-0.10949990322707359,-0.03482416909207863,0.0,13.0
2017-08-31,2017-09-30,ALL,3.1443651372569654,3.1443651372569654,0.0,0.0,0.0,
2017-09-30,2017-10-31,Quality,3.17771199769982,3.155772582168533,0.021939415531286866,0.0069521535408647505,0.5319461234417808,1.0
2017-09-30,2017-10-31,LowLeverage,3.16411452438213,3.155772582168533,0.008341942213596631,0.002643391434709896,0.20225989230068586,2.0
2017-09-30,2017-10-31,LowRisk,3.1635245295402266,3.155772582168533,0.0077519473716933796,0.0024564340965173483,0.18795479522307595,3.0
2017-09-30,2017-10-31,DebtIssuance,3.1589829567489436,3.155772582168533,0.0032103745804104022,0.0010173022601661457,0.07783918903445732,4.0
2017-09-30,2017-10-31,Accruals,3.1400280365883373,3.155772582168533,-0.01574454558019589,-0.00498912553748623,0.0,5.0
2017-09-30,2017-10-31,Investment,3.1473806399871718,3.155772582168533,-0.008391942181361411,-0.002659235405231505,0.0,6.0
2017-09-30,2017-10-31,Momentum,3.150959044284123,3.155772582168533,-0.004813537884410302,-0.001525312030280272,0.0,7.0
2017-09-30,2017-10-31,ProfitGrowth,3.150917201503346,3.155772582168533,-0.004855380665186981,-0.0015385711545318449,0.0,8.0
2017-09-30,2017-10-31,Profitability,3.148107280993907,3.155772582168533,-0.007665301174626382,-0.002428977682973297,0.0,9.0
2017-09-30,2017-10-31,Seasonality,3.1370223286562386,3.155772582168533,-0.018750253512294535,-0.005941573108988112,0.0,10.0
2017-09-30,2017-10-31,ShortTermReversal,3.140263773231178,3.155772582168533,-0.0155088089373554,-0.004914425400926167,0.0,11.0
2017-09-30,2017-10-31,Size,3.135539924978362,3.155772582168533,-0.0202326571901712,-0.006411316615301869,0.0,12.0
2017-09-30,2017-10-31,Value,3.0965841458532104,3.155772582168533,-0.05918843631532278,-0.018755608895825636,0.0,13.0
2017-09-30,2017-10-31,ALL,3.155772582168533,3.155772582168533,0.0,0.0,0.0,
2017-10-31,2017-11-30,Quality,3.156561741010003,3.1176182365887404,0.03894350442126271,0.01249142822049765,0.32268292771491336,1.0
2017-10-31,2017-11-30,LowRisk,3.144550362694408,3.1176182365887404,0.026932126105667642,0.008638686350236534,0.22315755683813468,2.0
2017-10-31,2017-11-30,ProfitGrowth,3.1355239508839623,3.1176182365887404,0.01790571429522192,0.005743395418040065,0.14836539231570375,3.0
2017-10-31,2017-11-30,Momentum,3.1335871120580925,3.1176182365887404,0.015968875469352106,0.0051221394851811795,0.1323168925175615,4.0
2017-10-31,2017-11-30,LowLeverage,3.131769864753587,3.1176182365887404,0.01415162816484683,0.004539243451543114,0.11725931900654402,5.0
2017-10-31,2017-11-30,Value,3.122652484839873,3.1176182365887404,0.005034248251132745,0.0016147738013751027,0.04171339967114661,6.0
2017-10-31,2017-11-30,DebtIssuance,3.1193687367738843,3.1176182365887404,0.0017505001851438884,0.0005614863823286023,0.014504511935996252,7.0
2017-10-31,2017-11-30,Accruals,3.107900850852384,3.1176182365887404,-0.009717385736356388,-0.0031169261272313547,0.0,8.0
2017-10-31,2017-11-30,Investment,3.113359659913093,3.1176182365887404,-0.00425857667564733,-0.0013659711845626782,0.0,9.0
2017-10-31,2017-11-30,Profitability,3.1100962033603072,3.1176182365887404,-0.007522033228433145,-0.002412749944862929,0.0,10.0
2017-10-31,2017-11-30,Seasonality,3.103315581568256,3.1176182365887404,-0.014302655020484334,-0.004587686475729024,0.0,11.0
2017-10-31,2017-11-30,ShortTermReversal,3.087662957765183,3.1176182365887404,-0.029955278823557308,-0.009608385809397242,0.0,12.0
2017-10-31,2017-11-30,Size,3.1055283254762105,3.1176182365887404,-0.012089911112529883,-0.00387793186819388,0.0,13.0
2017-10-31,2017-11-30,ALL,3.1176182365887404,3.1176182365887404,0.0,0.0,0.0,
2017-11-30,2017-12-31,Quality,3.1366631617784146,3.085697446914887,0.050965714863527634,0.016516756986166514,0.7024991823785341,1.0
2017-11-30,2017-12-31,LowLeverage,3.1000570533799148,3.085697446914887,0.014359606465027763,0.004653601564010966,0.19792936934116212,2.0
2017-11-30,2017-12-31,DebtIssuance,3.090839599710273,3.085697446914887,0.005142152795385879,0.001666447499746632,0.07087820006247317,3.0
2017-11-30,2017-12-31,ProfitGrowth,3.087779117532961,3.085697446914887,0.002081670618073961,0.0006746191594886392,0.02869324821783057,4.0
2017-11-30,2017-12-31,Accruals,3.069370532412485,3.085697446914887,-0.01632691450240209,-0.00529115857380182,0.0,5.0
2017-11-30,2017-12-31,Investment,3.0730351960452693,3.085697446914887,-0.012662250869617697,-0.004103529619301318,0.0,6.0
2017-11-30,2017-12-31,LowRisk,3.0742225327071826,3.085697446914887,-0.011474914207704412,-0.0037187424901871545,0.0,7.0
2017-11-30,2017-12-31,Momentum,3.065925463713753,3.085697446914887,-0.019771983201133825,-0.006407622115026884,0.0,8.0
2017-11-30,2017-12-31,Profitability,3.0743408138192536,3.085697446914887,-0.011356633095633395,-0.003680410439133583,0.0,9.0
2017-11-30,2017-12-31,Seasonality,3.047260712289133,3.085697446914887,-0.03843673462575392,-0.012456417159168788,0.0,10.0
2017-11-30,2017-12-31,ShortTermReversal,3.0505809449339973,3.085697446914887,-0.03511650198088967,-0.01138040996728293,0.0,11.0
2017-11-30,2017-12-31,Size,3.071533059378702,3.085697446914887,-0.014164387536184986,-0.004590335825162215,0.0,12.0
2017-11-30,2017-12-31,Value,2.9547365864451436,3.085697446914887,-0.13096086046974342,-0.04244125119936158,0.0,13.0
2017-11-30,2017-12-31,ALL,3.085697446914887,3.085697446914887,0.0,0.0,0.0,
2017-12-31,2018-01-31,Quality,3.051072507859251,3.0073995293090725,0.0436729785501786,0.014521841253400787,0.33696620086618256,1.0
2017-12-31,2018-01-31,ProfitGrowth,3.0359655492556046,3.0073995293090725,0.028566019946532073,0.00949857831263773,0.22040592455105493,2.0
2017-12-31,2018-01-31,LowRisk,3.0253993090696807,3.0073995293090725,0.01799977976060818,0.005985164121091518,0.1388803238000203,3.0
2017-12-31,2018-01-31,LowLeverage,3.021891057731279,3.0073995293090725,0.014491528422206468,0.004818624290180622,0.11181182138893178,4.0
2017-12-31,2018-01-31,Momentum,3.021695070751109,3.0073995293090725,0.014295541442036708,0.004753456034928954,0.1102996509274836,5.0
2017-12-31,2018-01-31,Investment,3.0179643472352877,3.0073995293090725,0.01056481792621522,0.0035129412714387195,0.08151462706738434,6.0
2017-12-31,2018-01-31,Seasonality,3.0074152701885057,3.0073995293090725,1.5740879433234767e-05,5.2340499756781955e-06,0.00012145139894260904,7.0
2017-12-31,2018-01-31,Accruals,2.992231511801626,3.0073995293090725,-0.015168017507446674,-0.005043565831418286,0.0,8.0
2017-12-31,2018-01-31,DebtIssuance,3.0035828760253236,3.0073995293090725,-0.0038166532837489164,-0.0012690875444227273,0.0,9.0
2017-12-31,2018-01-31,Profitability,2.9932897598150725,3.0073995293090725,-0.014109769494000002,-0.004691684412560115,0.0,10.0
2017-12-31,2018-01-31,ShortTermReversal,2.9849492166718896,3.0073995293090725,-0.02245031263718289,-0.007465024988662109,0.0,11.0
2017-12-31,2018-01-31,Size,2.993518103891305,3.0073995293090725,-0.013881425417767712,-0.004615756996196932,0.0,12.0
2017-12-31,2018-01-31,Value,2.9480824268620784,3.0073995293090725,-0.05931710244699406,-0.019723718737370995,0.0,13.0
2017-12-31,2018-01-31,ALL,3.0073995293090725,3.0073995293090725,0.0,0.0,0.0,
2018-01-31,2018-02-28,Value,3.378977825571137,3.2224885853112495,0.15648924025988764,0.048561611970697756,0.533573107941178,1.0
2018-01-31,2018-02-28,LowRisk,3.271899214951183,3.2224885853112495,0.04941062963993348,0.01533306583773704,0.168472817546598,2.0
2018-01-31,2018-02-28,Profitability,3.252150489080024,3.2224885853112495,0.029661903768774422,0.009204657513444528,0.10113662865940781,3.0
2018-01-31,2018-02-28,Momentum,3.2420373830300817,3.2224885853112495,0.019548797718832223,0.006066366784956065,0.06665450441211189,4.0
2018-01-31,2018-02-28,Size,3.2397440197001734,3.2224885853112495,0.017255434388923963,0.00535469216790331,0.05883494443760327,5.0
2018-01-31,2018-02-28,Accruals,3.232652968169769,3.2224885853112495,0.010164382858519616,0.0031542029054349224,0.034656960076727514,6.0
2018-01-31,2018-02-28,LowLeverage,3.2277882203850328,3.2224885853112495,0.005299635073783282,0.0016445783851462138,0.018069886163268985,7.0
2018-01-31,2018-02-28,DebtIssuance,3.22511320105608,3.2224885853112495,0.0026246157448306384,0.0008144685932462769,0.008949013860600864,8.0
2018-01-31,2018-02-28,ProfitGrowth,3.224354329698128,3.2224885853112495,0.0018657443868783652,0.0005789762593365895,0.006361530220718138,9.0
2018-01-31,2018-02-28,Investment,3.2234536724416967,3.2224885853112495,0.0009650871304471842,0.0002994850423508854,0.0032906066817855917,10.0
2018-01-31,2018-02-28,Quality,3.222133739684923,3.2224885853112495,-0.0003548456263264832,-0.00011011540209760273,0.0,11.0
2018-01-31,2018-02-28,Seasonality,3.220056628684149,3.2224885853112495,-0.0024319566271002735,-0.000754682774730567,0.0,12.0
2018-01-31,2018-02-28,ShortTermReversal,3.221138587630066,3.2224885853112495,-0.0013499976811832681,-0.00041893016699479676,0.0,13.0
2018-01-31,2018-02-28,ALL,3.2224885853112495,3.2224885853112495,0.0,0.0,0.0,
2018-02-28,2018-03-31,Value,3.168013838837474,3.116925641615508,0.05108819722196589,0.016390572986363188,0.36982523604782025,1.0
2018-02-28,2018-03-31,LowRisk,3.1497463249522815,3.116925641615508,0.03282068333677346,0.010529825575101766,0.23758749813653993,2.0
2018-02-28,2018-03-31,Quality,3.1420539956366462,3.116925641615508,0.02512835402113822,0.008061903590396257,0.18190306103353698,3.0
2018-02-28,2018-03-31,LowLeverage,3.134348018851444,3.116925641615508,0.017422377235936093,0.005589603102275499,0.12611983049235295,4.0
2018-02-28,2018-03-31,Momentum,3.1279042110010664,3.116925641615508,0.010978569385558412,0.0035222429560007725,0.07947338593376337,5.0
2018-02-28,2018-03-31,ProfitGrowth,3.117628918168414,3.116925641615508,0.0007032765529060292,0.0002256314823543624,0.005090988355986488,6.0
2018-02-28,2018-03-31,Accruals,3.095481086569456,3.116925641615508,-0.021444555046052027,-0.006880034210548981,0.0,7.0
2018-02-28,2018-03-31,DebtIssuance,3.11200017494737,3.116925641615508,-0.004925466668137979,-0.0015802323296955846,0.0,8.0
2018-02-28,2018-03-31,Investment,3.1060886732372155,3.116925641615508,-0.01083696837829251,-0.0034768132526497137,0.0,9.0
2018-02-28,2018-03-31,Profitability,3.0875734573672164,3.116925641615508,-0.029352184248291557,-0.009417030633133188,0.0,10.0
2018-02-28,2018-03-31,Seasonality,3.1106032616007373,3.116925641615508,-0.006322380014770701,-0.002028402580529255,0.0,11.0
2018-02-28,2018-03-31,ShortTermReversal,3.1034915328028174,3.116925641615508,-0.013434108812690582,-0.004310051107195377,0.0,12.0
2018-02-28,2018-03-31,Size,3.115221937220923,3.116925641615508,-0.0017037043945848929,-0.0005465977025046578,0.0,13.0
2018-02-28,2018-03-31,ALL,3.116925641615508,3.116925641615508,0.0,0.0,0.0,
2018-03-31,2018-04-30,LowLeverage,3.1299990200020775,3.1071944216278675,0.022804598374210006,0.007339289172082967,0.34438181805331447,1.0
2018-03-31,2018-04-30,Quality,3.124348037087221,3.1071944216278675,0.017153615459353677,0.005520612208864244,0.25904395162514254,2.0
2018-03-31,2018-04-30,LowRisk,3.119932547079096,3.1071944216278675,0.012738125451228655,0.004099558547918323,0.1923637824924986,3.0
2018-03-31,2018-04-30,Momentum,3.11659709146708,3.1071944216278675,0.009402669839212674,0.0030260963954378464,0.14199366639340347,4.0
2018-03-31,2018-04-30,Size,3.1113143508413086,3.1071944216278675,0.004119929213441065,0.001325932225149472,0.062216781435640904,5.0
2018-03-31,2018-04-30,Accruals,3.0867341310706866,3.1071944216278675,-0.020460290557180905,-0.006584811820839233,0.0,6.0
2018-03-31,2018-04-30,DebtIssuance,3.1036375435555765,3.1071944216278675,-0.003556878072290992,-0.001144723370875368,0.0,7.0
2018-03-31,2018-04-30,Investment,3.1000285333200392,3.1071944216278675,-0.007165888307828272,-0.0023062246307954054,0.0,8.0
2018-03-31,2018-04-30,ProfitGrowth,3.1041618862039924,3.1071944216278675,-0.00303253542387516,-0.0009759722155675108,0.0,9.0
2018-03-31,2018-04-30,Profitability,3.08720104159416,3.1071944216278675,-0.019993380033707542,-0.0064345442610678205,0.0,10.0
2018-03-31,2018-04-30,Seasonality,3.093946240689646,3.1071944216278675,-0.013248180938221665,-0.004263711612638938,0.0,11.0
2018-03-31,2018-04-30,ShortTermReversal,3.085158151013403,3.1071944216278675,-0.02203627061446456,-0.007092015376018761,0.0,12.0
2018-03-31,2018-04-30,Value,3.093667571712402,3.1071944216278675,-0.01352684991546571,-0.004353396691662107,0.0,13.0
2018-03-31,2018-04-30,ALL,3.1071944216278675,3.1071944216278675,0.0,0.0,0.0,
2018-04-30,2018-05-31,LowRisk,3.109374796671233,3.0780230036501135,0.031351793021119345,0.010185691589679614,0.30789052201227673,1.0
2018-04-30,2018-05-31,Quality,3.1012910480000273,3.0780230036501135,0.023268044349913808,0.00755941210391251,0.228504006653588,2.0
2018-04-30,2018-05-31,LowLeverage,3.0991533949054646,3.0780230036501135,0.0211303912553511,0.006864923111456071,0.20751116816672008,3.0
2018-04-30,2018-05-31,Momentum,3.0989498003618463,3.0780230036501135,0.02092679671173281,0.0067987785298928875,0.20551176640136457,4.0
2018-04-30,2018-05-31,ProfitGrowth,3.0812656061023134,3.0780230036501135,0.003242602452199872,0.001053469206810537,0.03184400206436623,5.0
2018-04-30,2018-05-31,Size,3.0799311061069434,3.0780230036501135,0.0019081024568299298,0.000619911694801235,0.018738534701684503,6.0
2018-04-30,2018-05-31,Accruals,3.0614198395511965,3.0780230036501135,-0.016603164098917045,-0.005394100069826628,0.0,7.0
2018-04-30,2018-05-31,DebtIssuance,3.075018182228001,3.0780230036501135,-0.003004821422112336,-0.0009762179875033518,0.0,8.0
2018-04-30,2018-05-31,Investment,3.062183395114058,3.0780230036501135,-0.015839608536055483,-0.005146033189898801,0.0,9.0
2018-04-30,2018-05-31,Profitability,3.045070366254776,3.0780230036501135,-0.032952637395337714,-0.010705780092046226,0.0,10.0
2018-04-30,2018-05-31,Seasonality,3.072059631804356,3.0780230036501135,-0.005963371845757681,-0.0019374032743374365,0.0,11.0
2018-04-30,2018-05-31,ShortTermReversal,3.0684476043364746,3.0780230036501135,-0.009575399313638933,-0.003110892706871853,0.0,12.0
2018-04-30,2018-05-31,Value,3.0649840942426283,3.0780230036501135,-0.0130389094074852,-0.004236131241391906,0.0,13.0
2018-04-30,2018-05-31,ALL,3.0780230036501135,3.0780230036501135,0.0,0.0,0.0,
2018-05-31,2018-06-30,LowRisk,3.111016634960105,3.080127435565229,0.030889199394876332,0.010028545909564911,0.35428195226508086,1.0
2018-05-31,2018-06-30,Quality,3.1021499060111752,3.080127435565229,0.022022470445946407,0.007149856915548399,0.2525854983662705,2.0
2018-05-31,2018-06-30,LowLeverage,3.093863406342126,3.080127435565229,0.013735970776897144,0.004459546257175064,0.15754395188055353,3.0
2018-05-31,2018-06-30,Value,3.092736922726916,3.080127435565229,0.012609487161687305,0.004093819955658218,0.14462381078886286,4.0
2018-05-31,2018-06-30,Momentum,3.0880584899593364,3.080127435565229,0.007931054394107573,0.002574911123004285,0.09096478669923223,5.0
2018-05-31,2018-06-30,Accruals,3.0554011889924717,3.080127435565229,-0.024726246572757127,-0.008027669987693109,0.0,6.0
2018-05-31,2018-06-30,DebtIssuance,3.0693333608686033,3.080127435565229,-0.010794074696625522,-0.0035044247104810845,0.0,7.0
2018-05-31,2018-06-30,Investment,3.065074664231291,3.080127435565229,-0.015052771333937898,-0.004887061217054998,0.0,8.0
2018-05-31,2018-06-30,ProfitGrowth,3.0789463410069406,3.080127435565229,-0.001181094558288187,-0.0003834563936058206,0.0,9.0
2018-05-31,2018-06-30,Profitability,3.041748191012238,3.080127435565229,-0.03837924455299069,-0.012460278139741248,0.0,10.0
2018-05-31,2018-06-30,Seasonality,3.0695528452818293,3.080127435565229,-0.010574590283399576,-0.0034331664856779055,0.0,11.0
2018-05-31,2018-06-30,ShortTermReversal,3.0652844784584548,3.080127435565229,-0.01484295710677408,-0.004818942533152131,0.0,12.0
2018-05-31,2018-06-30,Size,3.0738906916834052,3.080127435565229,-0.006236743881823603,-0.002024833066908191,0.0,13.0
2018-05-31,2018-06-30,ALL,3.080127435565229,3.080127435565229,0.0,0.0,0.0,
2018-06-30,2018-07-31,Quality,3.1328941597438176,3.1101987277550065,0.022695431988811077,0.007297100274101462,0.430123907505585,1.0
2018-06-30,2018-07-31,LowLeverage,3.126371386472987,3.1101987277550065,0.01617265871798068,0.005199879536203906,0.30650428535405577,2.0
2018-06-30,2018-07-31,Momentum,3.118581261503799,3.1101987277550065,0.008382533748792387,0.0026951762515969647,0.15886580932257904,3.0
2018-06-30,2018-07-31,LowRisk,3.1157129731259534,3.1101987277550065,0.005514245370946913,0.0017729559599322412,0.10450599781778024,4.0
2018-06-30,2018-07-31,Accruals,3.0847000076490385,3.1101987277550065,-0.025498720105967987,-0.00819842149584229,0.0,5.0
2018-06-30,2018-07-31,DebtIssuance,3.1022923741746675,3.1101987277550065,-0.007906353580338976,-0.0025420734404472973,0.0,6.0
2018-06-30,2018-07-31,Investment,3.0960408226769456,3.1101987277550065,-0.014157905078060917,-0.004552090177298841,0.0,7.0
2018-06-30,2018-07-31,ProfitGrowth,3.1069015340630544,3.1101987277550065,-0.0032971936919521383,-0.0010601231562885076,0.0,8.0
2018-06-30,2018-07-31,Profitability,3.0766710564993196,3.1101987277550065,-0.0335276712556869,-0.010779912857815273,0.0,9.0
2018-06-30,2018-07-31,Seasonality,3.0874826560226962,3.1101987277550065,-0.022716071732310272,-0.007303736423526581,0.0,10.0
2018-06-30,2018-07-31,ShortTermReversal,3.095149212746991,3.1101987277550065,-0.015049515008015657,-0.004838763154815721,0.0,11.0
2018-06-30,2018-07-31,Size,3.1100572380778426,3.1101987277550065,-0.00014148967716387517,-4.549216611184353e-05,0.0,12.0
2018-06-30,2018-07-31,Value,3.0786503024016945,3.1101987277550065,-0.03154842535331204,-0.010143540048350615,0.0,13.0
2018-06-30,2018-07-31,ALL,3.1101987277550065,3.1101987277550065,0.0,0.0,0.0,
2018-07-31,2018-08-31,Quality,3.1504580009017307,3.128801377081883,0.021656623819847454,0.0069216997852531575,0.2786815869109596,1.0
2018-07-31,2018-08-31,Momentum,3.1492738901654116,3.128801377081883,0.020472513083528376,0.006543244717765475,0.26344422296075415,2.0
2018-07-31,2018-08-31,LowLeverage,3.1491631970315193,3.128801377081883,0.02036181994963604,0.006507865951090431,0.2620198024938394,3.0
2018-07-31,2018-08-31,LowRisk,3.1440214167101956,3.128801377081883,0.01522003962831242,0.004864495311142948,0.19585438763444682,4.0
2018-07-31,2018-08-31,Accruals,3.110494305619421,3.128801377081883,-0.018307071462462243,-0.005851145296904903,0.0,5.0
2018-07-31,2018-08-31,DebtIssuance,3.123902325779768,3.128801377081883,-0.004899051302115431,-0.0015657917239491228,0.0,6.0
2018-07-31,2018-08-31,Investment,3.1167289898263153,3.128801377081883,-0.012072387255567918,-0.003858470321573236,0.0,7.0
2018-07-31,2018-08-31,ProfitGrowth,3.1247259926646636,3.128801377081883,-0.004075384417219663,-0.0013025385526455574,0.0,8.0
2018-07-31,2018-08-31,Profitability,3.1018359361048855,3.128801377081883,-0.026965440976997712,-0.008618457270735215,0.0,9.0
2018-07-31,2018-08-31,Seasonality,3.112024720788049,3.128801377081883,-0.01677665629383407,-0.005362007450112104,0.0,10.0
2018-07-31,2018-08-31,ShortTermReversal,3.1143456031340473,3.128801377081883,-0.014455773947835926,-0.004620227430773598,0.0,11.0
2018-07-31,2018-08-31,Size,3.1285421405105516,3.128801377081883,-0.0002592365713316447,-8.28549147384437e-05,0.0,12.0
2018-07-31,2018-08-31,Value,3.105325453275196,3.128801377081883,-0.02347592380668706,-0.007503168458901083,0.0,13.0
2018-07-31,2018-08-31,ALL,3.128801377081883,3.128801377081883,0.0,0.0,0.0,
2018-08-31,2018-09-30,Quality,3.113479060526752,3.098471464693222,0.015007595833529841,0.00484354818320579,0.3343102891731604,1.0
2018-08-31,2018-09-30,LowRisk,3.1116367156817604,3.098471464693222,0.013165250988538268,0.004248950212566102,0.29327008228607576,2.0
2018-08-31,2018-09-30,LowLeverage,3.1093620256222056,3.098471464693222,0.01089056092898355,0.0035148172423339775,0.24259892215994447,3.0
2018-08-31,2018-09-30,Momentum,3.104299274232095,3.098471464693222,0.005827809538872852,0.0018808659706181481,0.12982070638081938,4.0
2018-08-31,2018-09-30,Accruals,3.080329675350473,3.098471464693222,-0.018141789342748904,-0.005855077108010453,0.0,5.0
2018-08-31,2018-09-30,DebtIssuance,3.093683324737781,3.098471464693222,-0.004788139955441029,-0.0015453232376032547,0.0,6.0
2018-08-31,2018-09-30,Investment,3.089163319407549,3.098471464693222,-0.009308145285673142,-0.0030041087651568018,0.0,7.0
2018-08-31,2018-09-30,ProfitGrowth,3.097753051088238,3.098471464693222,-0.0007184136049840362,-0.00023186064908787724,0.0,8.0
2018-08-31,2018-09-30,Profitability,3.075568656745183,3.098471464693222,-0.022902807948038895,-0.007391647207022605,0.0,9.0
2018-08-31,2018-09-30,Seasonality,3.0718603488436518,3.098471464693222,-0.02661111584957032,-0.008588465684709824,0.0,10.0
2018-08-31,2018-09-30,ShortTermReversal,3.0841558090304413,3.098471464693222,-0.014315655662780813,-0.0046202315644685785,0.0,11.0
2018-08-31,2018-09-30,Size,3.0840258484525935,3.098471464693222,-0.014445616240628567,-0.004662175012820013,0.0,12.0
2018-08-31,2018-09-30,Value,3.084372151711763,3.098471464693222,-0.014099312981459278,-0.004550409175014055,0.0,13.0
2018-08-31,2018-09-30,ALL,3.098471464693222,3.098471464693222,0.0,0.0,0.0,
2018-09-30,2018-10-31,Value,4.452192964903586,3.754576380934961,0.6976165839686246,0.1858043393419805,0.5251391943498097,1.0
2018-09-30,2018-10-31,LowRisk,3.9133556033250256,3.754576380934961,0.1587792223900646,0.04228951718663013,0.11952295120489548,2.0
2018-09-30,2018-10-31,Profitability,3.87728978858472,3.754576380934961,0.12271340764975891,0.03268368923665389,0.09237397950392252,3.0
2018-09-30,2018-10-31,Accruals,3.8306037546509923,3.754576380934961,0.0760273737160313,0.02024925477667311,0.05723051128550035,4.0
2018-09-30,2018-10-31,ShortTermReversal,3.8146784627947294,3.754576380934961,0.0601020818597684,0.016007686556852477,0.04524255812130262,5.0
2018-09-30,2018-10-31,Seasonality,3.8146011081037843,3.754576380934961,0.06002472716882323,0.015987083782239085,0.045184328456160446,6.0
2018-09-30,2018-10-31,Investment,3.806763388241145,3.754576380934961,0.052187007306184086,0.013899572684465811,0.03928439145811606,7.0
2018-09-30,2018-10-31,Size,3.7974881173646207,3.754576380934961,0.04291173642965962,0.011429181903864686,0.03230232080869845,8.0
2018-09-30,2018-10-31,Momentum,3.7846556268920555,3.754576380934961,0.030079245957094436,0.008011355451398257,0.022642510730892774,9.0
2018-09-30,2018-10-31,DebtIssuance,3.7708301977856933,3.754576380934961,0.01625381685073224,0.004329068102933287,0.01223525426753154,10.0
2018-09-30,2018-10-31,ProfitGrowth,3.7663224584920783,3.754576380934961,0.011746077557117207,0.003128469463762037,0.008841999813170055,11.0
2018-09-30,2018-10-31,LowLeverage,3.721434818013913,3.754576380934961,-0.033141562921048084,-0.008826977948653478,0.0,12.0
2018-09-30,2018-10-31,Quality,3.722312990328791,3.754576380934961,-0.032263390606170006,-0.008593084101311,0.0,13.0
2018-09-30,2018-10-31,ALL,3.754576380934961,3.754576380934961,0.0,0.0,0.0,
2018-10-31,2018-11-30,Value,3.4885454337137545,3.306080675304719,0.18246475840903553,0.05519065513796571,0.4598551708297738,1.0
2018-10-31,2018-11-30,LowRisk,3.392272535617275,3.306080675304719,0.08619186031255621,0.026070706911776126,0.21722426288650268,2.0
2018-10-31,2018-11-30,Momentum,3.35770865935452,3.306080675304719,0.05162798404980107,0.015616069031661654,0.13011496374328058,3.0
2018-10-31,2018-11-30,Seasonality,3.3327102562983075,3.306080675304719,0.026629580993588586,0.008054728123394677,0.06711296265485081,4.0
2018-10-31,2018-11-30,Quality,3.3190569524139386,3.306080675304719,0.01297627710921967,0.003924972916162627,0.03270334599856189,5.0
2018-10-31,2018-11-30,Size,3.3189758476672098,3.306080675304719,0.012895172362490825,0.0039004409235422807,0.03249894248805774,6.0
2018-10-31,2018-11-30,LowLeverage,3.315138176753545,3.306080675304719,0.009057501448825889,0.0027396492519018963,0.02282708678847267,7.0
2018-10-31,2018-11-30,ShortTermReversal,3.3149387218633084,3.306080675304719,0.00885804655858946,0.0026793195413396926,0.022324412390291655,8.0
2018-10-31,2018-11-30,ProfitGrowth,3.3121669392899253,3.306080675304719,0.006086263985206397,0.0018409302684803451,0.0153388522202082,9.0
2018-10-31,2018-11-30,Accruals,3.303067308461796,3.306080675304719,-0.00301336684292286,-0.0009114619813822663,0.0,10.0
2018-10-31,2018-11-30,DebtIssuance,3.303713821296026,3.306080675304719,-0.0023668540086929646,-0.0007159093322714557,0.0,11.0
2018-10-31,2018-11-30,Investment,3.305069688664612,3.306080675304719,-0.0010109866401069034,-0.0003057961191505775,0.0,12.0
2018-10-31,2018-11-30,Profitability,3.298580180088605,3.306080675304719,-0.007500495216113734,-0.002268696971655847,0.0,13.0
2018-10-31,2018-11-30,ALL,3.306080675304719,3.306080675304719,0.0,0.0,0.0,
2018-11-30,2018-12-31,Value,5.148563739429442,4.063419210028232,1.0851445294012105,0.26705207445078527,0.47049042097651994,1.0
2018-11-30,2018-12-31,LowRisk,4.385514865427013,4.063419210028232,0.3220956553987815,0.07926714885923464,0.13965229183517436,2.0
2018-11-30,2018-12-31,Seasonality,4.292677181907915,4.063419210028232,0.229257971879683,0.056419965558535165,0.09940028888263858,3.0
2018-11-30,2018-12-31,Momentum,4.238450376069017,4.063419210028232,0.17503116604078528,0.043074848297419255,0.07588895742761725,4.0
2018-11-30,2018-12-31,ShortTermReversal,4.233005393910377,4.063419210028232,0.16958618388214486,0.04173484819474647,0.0735281548998268,5.0
2018-11-30,2018-12-31,Accruals,4.178632437688647,4.063419210028232,0.11521322766041475,0.028353763593004788,0.04995345644319266,6.0
2018-11-30,2018-12-31,Profitability,4.156795159233384,4.063419210028232,0.0933759492051518,0.022979649496834228,0.04048538094262543,7.0
2018-11-30,2018-12-31,Investment,4.126323146080124,4.063419210028232,0.06290393605189237,0.015480543060053932,0.027273509244400855,8.0
2018-11-30,2018-12-31,DebtIssuance,4.084630282885405,4.063419210028232,0.02121107285717283,0.005220006049295972,0.009196569053747789,9.0
2018-11-30,2018-12-31,Quality,4.080499306217547,4.063419210028232,0.017080096189315164,0.0042033802830785194,0.007405485102398915,10.0
2018-11-30,2018-12-31,Size,4.07893094658679,4.063419210028232,0.015511736558558198,0.0038174098602173083,0.006725485191857412,11.0
2018-11-30,2018-12-31,LowLeverage,3.9925489346939544,4.063419210028232,-0.07087027533427737,-0.017441044517231826,0.0,12.0
2018-11-30,2018-12-31,ProfitGrowth,4.049167906545964,4.063419210028232,-0.014251303482267552,-0.0035072195965152554,0.0,13.0
2018-11-30,2018-12-31,ALL,4.063419210028232,4.063419210028232,0.0,0.0,0.0,
2018-12-31,2019-01-31,LowLeverage,3.1121250869994475,3.0895559386335765,0.022569148365870983,0.007304981302864088,0.6207925553509822,1.0
2018-12-31,2019-01-31,Quality,3.1033421688419716,3.0895559386335765,0.01378623020839509,0.004462204433978415,0.3792074446490178,2.0
2018-12-31,2019-01-31,Accruals,3.0608102723147215,3.0895559386335765,-0.028745666318855,-0.009304141724512164,0.0,3.0
2018-12-31,2019-01-31,DebtIssuance,3.0837913685567697,3.0895559386335765,-0.005764570076806752,-0.001865824795312254,0.0,4.0
2018-12-31,2019-01-31,Investment,3.0819609743053147,3.0895559386335765,-0.0075949643282617885,-0.00245827053438004,0.0,5.0
2018-12-31,2019-01-31,LowRisk,3.0444433817176715,3.0895559386335765,-0.04511255691590499,-0.014601631370965564,0.0,6.0
2018-12-31,2019-01-31,Momentum,3.0658359916198337,3.0895559386335765,-0.023719947013742804,-0.007677461578583189,0.0,7.0
2018-12-31,2019-01-31,ProfitGrowth,3.084121538842716,3.0895559386335765,-0.005434399790860578,-0.0017589582123779444,0.0,8.0
2018-12-31,2019-01-31,Profitability,3.058275741454243,3.0895559386335765,-0.0312801971793335,-0.010124496141399483,0.0,9.0
2018-12-31,2019-01-31,Seasonality,3.0669971114010797,3.0895559386335765,-0.022558827232496803,-0.0073016406501686245,0.0,10.0
2018-12-31,2019-01-31,ShortTermReversal,3.0381105078430575,3.0895559386335765,-0.051445430790519,-0.01665139968731942,0.0,11.0
2018-12-31,2019-01-31,Size,3.077554549657875,3.0895559386335765,-0.012001388975701577,-0.00388450289105607,0.0,12.0
2018-12-31,2019-01-31,Value,2.9605400097094683,3.0895559386335765,-0.12901592892410818,-0.041758728919848685,0.0,13.0
2018-12-31,2019-01-31,ALL,3.0895559386335765,3.0895559386335765,0.0,0.0,0.0,
2019-01-31,2019-02-28,Momentum,3.0991669171425165,3.083924562946246,0.015242354196270291,0.004942518497180234,0.2905420061262381,1.0
2019-01-31,2019-02-28,LowRisk,3.0984873854450776,3.083924562946246,0.014562822498831451,0.0047221720900068875,0.27758911839918615,2.0
2019-01-31,2019-02-28,Size,3.096875539333334,3.083924562946246,0.012950976387087643,0.004199511409161983,0.246864927316721,3.0
2019-01-31,2019-02-28,ShortTermReversal,3.0926508711948277,3.083924562946246,0.00872630824858156,0.002829611448162282,0.16633645117886137,4.0
2019-01-31,2019-02-28,Quality,3.084903893283726,3.083924562946246,0.0009793303374796558,0.00031755975786387157,0.018667496978993527,5.0
2019-01-31,2019-02-28,Accruals,3.0621429551634716,3.083924562946246,-0.021781607782774604,-0.0070629509049875755,0.0,6.0
2019-01-31,2019-02-28,DebtIssuance,3.0791539747184267,3.083924562946246,-0.0047705882278195055,-0.0015469211812567474,0.0,7.0
2019-01-31,2019-02-28,Investment,3.07277142356877,3.083924562946246,-0.011153139377475974,-0.0036165409204499976,0.0,8.0
2019-01-31,2019-02-28,LowLeverage,3.0723893935772515,3.083924562946246,-0.01153516936899468,-0.0037404187857223345,0.0,9.0
2019-01-31,2019-02-28,ProfitGrowth,3.08321706839071,3.083924562946246,-0.0007074945555363144,-0.0002294137035765898,0.0,10.0
2019-01-31,2019-02-28,Profitability,3.0515196039311614,3.083924562946246,-0.03240495901508478,-0.010507701584025293,0.0,11.0
2019-01-31,2019-02-28,Seasonality,3.0678028045231955,3.083924562946246,-0.016121758423050636,-0.005227675999846318,0.0,12.0
2019-01-31,2019-02-28,Value,3.0548525655061955,3.083924562946246,-0.029071997440050623,-0.009426948307800536,0.0,13.0
2019-01-31,2019-02-28,ALL,3.083924562946246,3.083924562946246,0.0,0.0,0.0,
2019-02-28,2019-03-31,Value,3.3206347067399524,3.2283334201735245,0.09230128656642789,0.028591001781181152,0.39028517884835834,1.0
2019-02-28,2019-03-31,LowRisk,3.291137502968173,3.2283334201735245,0.06280408279464833,0.019454026155474542,0.265559707754191,2.0
2019-02-28,2019-03-31,Momentum,3.268517596791066,3.2283334201735245,0.04018417661754148,0.012447343996885414,0.1699140839901962,3.0
2019-02-28,2019-03-31,Quality,3.2423772932198833,3.2283334201735245,0.01404387304635879,0.004350192876175697,0.0593828721951465,4.0
2019-02-28,2019-03-31,ShortTermReversal,3.2385489921425203,3.2283334201735245,0.010215571968995807,0.003164348485555967,0.04319534950456437,5.0
2019-02-28,2019-03-31,LowLeverage,3.235140019663454,3.2283334201735245,0.006806599489929344,0.002108394209654926,0.02878090867524759,6.0
2019-02-28,2019-03-31,Size,3.233382538411182,3.2283334201735245,0.005049118237657524,0.001564001477079815,0.021349605056614953,7.0
2019-02-28,2019-03-31,Seasonality,3.2323670868023933,3.2283334201735245,0.004033666628868726,0.0012494578793078672,0.01705588687032763,8.0
2019-02-28,2019-03-31,ProfitGrowth,3.229392077169515,3.2283334201735245,0.0010586569959905034,0.0003279267839483569,0.004476407105353414,9.0
2019-02-28,2019-03-31,Accruals,3.2238544633722768,3.2283334201735245,-0.004478956801247769,-0.001387389782374778,0.0,10.0
2019-02-28,2019-03-31,DebtIssuance,3.224763208708794,3.2283334201735245,-0.003570211464730466,-0.0011058992365598238,0.0,11.0
2019-02-28,2019-03-31,Investment,3.2274986143289994,3.2283334201735245,-0.0008348058445251105,-0.0002585872448330443,0.0,12.0
2019-02-28,2019-03-31,Profitability,3.218847916464736,3.2283334201735245,-0.009485503708788645,-0.002938204477119589,0.0,13.0
2019-02-28,2019-03-31,ALL,3.2283334201735245,3.2283334201735245,0.0,0.0,0.0,
2019-03-31,2019-04-30,Size,3.1242742189111725,3.10940815948311,0.014866059428062517,0.0047809932519549845,0.3858877019837978,1.0
2019-03-31,2019-04-30,LowRisk,3.117241253382223,3.10940815948311,0.00783309389911313,0.0025191591123936777,0.20332856994007173,2.0
2019-03-31,2019-04-30,Quality,3.1155803361941588,3.10940815948311,0.006172176711048749,0.00198500048706207,0.160215092559665,3.0
2019-03-31,2019-04-30,Momentum,3.1149120304899487,3.10940815948311,0.00550387100683869,0.0017700702913681237,0.14286745893367095,4.0
2019-03-31,2019-04-30,ProfitGrowth,3.1132937886109553,3.10940815948311,0.0038856291278452915,0.0012496362421880363,0.10086173152752867,5.0
2019-03-31,2019-04-30,Value,3.1096716444195924,3.10940815948311,0.00026348493648242766,8.473797036868517e-05,0.006839445055265883,6.0
2019-03-31,2019-04-30,Accruals,3.085190430969402,3.10940815948311,-0.02421772851370818,-0.007788533145720566,0.0,7.0
2019-03-31,2019-04-30,DebtIssuance,3.1030827719787615,3.10940815948311,-0.006325387504348523,-0.0020342737845648476,0.0,8.0
2019-03-31,2019-04-30,Investment,3.0999763378623313,3.10940815948311,-0.009431821620778713,-0.0030333173186072185,0.0,9.0
2019-03-31,2019-04-30,LowLeverage,3.099296531301751,3.10940815948311,-0.010111628181359134,-0.003251946242734512,0.0,10.0
2019-03-31,2019-04-30,Profitability,3.0733449714051506,3.10940815948311,-0.036063188077959385,-0.011598087555013788,0.0,11.0
2019-03-31,2019-04-30,Seasonality,3.1006751774601486,3.10940815948311,-0.008732982022961355,-0.002808567281952806,0.0,12.0
2019-03-31,2019-04-30,ShortTermReversal,3.0986090313945036,3.10940815948311,-0.010799128088606391,-0.0034730493826199953,0.0,13.0
2019-03-31,2019-04-30,ALL,3.10940815948311,3.10940815948311,0.0,0.0,0.0,
2019-04-30,2019-05-31,Value,4.299685805544239,3.7223524539356765,0.5773333516085621,0.15509905597417098,0.3951985298797929,1.0
2019-04-30,2019-05-31,LowRisk,4.0598744071348305,3.7223524539356765,0.337521953199154,0.09067436718473261,0.23104187439512497,2.0
2019-04-30,2019-05-31,Profitability,3.872302129527894,3.7223524539356765,0.1499496755922176,0.04028357804583348,0.10264415035938383,3.0
2019-04-30,2019-05-31,Momentum,3.850808131758007,3.7223524539356765,0.12845567782233047,0.03450927321149107,0.08793099322714486,4.0
2019-04-30,2019-05-31,ShortTermReversal,3.82011500348651,3.7223524539356765,0.09776254955083363,0.02626364664836303,0.06692081057181883,5.0
2019-04-30,2019-05-31,Accruals,3.785938012188955,3.7223524539356765,0.0635855582532785,0.017082089630187737,0.04352584009440573,6.0
2019-04-30,2019-05-31,Investment,3.7730182846985314,3.7223524539356765,0.05066583076285491,0.01361123950239733,0.0346819766722822,7.0
2019-04-30,2019-05-31,Seasonality,3.7652938429303013,3.7223524539356765,0.04294138899462485,0.011536088945371774,0.029394410966193663,8.0
2019-04-30,2019-05-31,DebtIssuance,3.728925754226545,3.7223524539356765,0.006573300290868556,0.001765899487545449,0.0044995817480002,9.0
2019-04-30,2019-05-31,LowLeverage,3.7261451280415114,3.7223524539356765,0.003792674105834948,0.0010188917231158268,0.002596176414826925,10.0
2019-04-30,2019-05-31,Size,3.7246396720493,3.7223524539356765,0.0022872181136235348,0.0006144550098165042,0.001565655671026106,11.0
2019-04-30,2019-05-31,ProfitGrowth,3.7185625518825347,3.7223524539356765,-0.0037899020531417804,-0.0010181470185969851,0.0,12.0
2019-04-30,2019-05-31,Quality,3.72221087042388,3.7223524539356765,-0.00014158351179638373,-3.8036030587776886e-05,0.0,13.0
2019-04-30,2019-05-31,ALL,3.7223524539356765,3.7223524539356765,0.0,0.0,0.0,
2019-05-31,2019-06-30,LowRisk,3.1606690693367874,3.13573255048808,0.0249365188487074,0.007952374268917164,0.25916168598118994,1.0
2019-05-31,2019-06-30,Quality,3.1527987880139836,3.13573255048808,0.017066237525903638,0.005442504183989563,0.17736697401120616,2.0
2019-05-31,2019-06-30,Momentum,3.1499486139019868,3.13573255048808,0.014216063413906799,0.004533570125964363,0.147745520724701,3.0
2019-05-31,2019-06-30,Size,3.149558986713675,3.13573255048808,0.013826436225595096,0.0044093161655138595,0.14369618089344363,4.0
2019-05-31,2019-06-30,Value,3.1487194983742293,3.13573255048808,0.012986947886149292,0.004141599347855052,0.13497149824097301,5.0
2019-05-31,2019-06-30,ProfitGrowth,3.1432728292650105,3.13573255048808,0.007540278776930531,0.002404630706071179,0.07836504254878367,6.0
2019-05-31,2019-06-30,LowLeverage,3.1413799961320716,3.13573255048808,0.0056474456439916665,0.0018009972320862109,0.05869309759970261,7.0
2019-05-31,2019-06-30,Accruals,3.115268073881684,3.13573255048808,-0.020464476606396165,-0.0065262187628887065,0.0,8.0
2019-05-31,2019-06-30,DebtIssuance,3.131755159567712,3.13573255048808,-0.003977390920367974,-0.0012684088506683673,0.0,9.0
2019-05-31,2019-06-30,Investment,3.120142648216015,3.13573255048808,-0.015589902272064915,-0.004971693861339779,0.0,10.0
2019-05-31,2019-06-30,Profitability,3.094881056615705,3.13573255048808,-0.04085149387237497,-0.013027735374311941,0.0,11.0
2019-05-31,2019-06-30,Seasonality,3.133126247643013,3.13573255048808,-0.00260630284506691,-0.0008311623530078279,0.0,12.0
2019-05-31,2019-06-30,ShortTermReversal,3.1211583549814805,3.13573255048808,-0.014574195506599441,-0.00464778015087127,0.0,13.0
2019-05-31,2019-06-30,ALL,3.13573255048808,3.13573255048808,0.0,0.0,0.0,
2019-06-30,2019-07-31,Value,3.367791533646039,3.166839333084851,0.20095220056118768,0.0634551296814411,0.540466637597427,1.0
2019-06-30,2019-07-31,LowRisk,3.2480611334668836,3.166839333084851,0.08122180038203242,0.025647591127685474,0.2184483336310623,2.0
2019-06-30,2019-07-31,Momentum,3.207811387615796,3.166839333084851,0.04097205453094466,0.012937838084457967,0.11019550164644988,3.0
2019-06-30,2019-07-31,Size,3.182984670966767,3.166839333084851,0.016145337881915633,0.005098249763807339,0.043423343728233185,4.0
2019-06-30,2019-07-31,Quality,3.179522795179579,3.166839333084851,0.012683462094727815,0.0040050854371486925,0.03411253070276627,5.0
2019-06-30,2019-07-31,ShortTermReversal,3.178720862088291,3.166839333084851,0.011881529003439972,0.0037518572159030406,0.03195570893014538,6.0
2019-06-30,2019-07-31,ProfitGrowth,3.1715639788849876,3.166839333084851,0.004724645800136429,0.0014919120622182314,0.012707068757184496,7.0
2019-06-30,2019-07-31,LowLeverage,3.169466656263777,3.166839333084851,0.002627323178925778,0.000829635766954579,0.0070662601376362145,8.0
2019-06-30,2019-07-31,Seasonality,3.167443385047171,3.166839333084851,0.0006040519623198293,0.00019074285076894505,0.001624614869095297,9.0
2019-06-30,2019-07-31,Accruals,3.15496085526101,3.166839333084851,-0.011878477823841216,-0.0037508937380382563,0.0,10.0
2019-06-30,2019-07-31,DebtIssuance,3.162290615166898,3.166839333084851,-0.004548717917953304,-0.0014363589180011703,0.0,11.0
2019-06-30,2019-07-31,Investment,3.1541841965214408,3.166839333084851,-0.01265513656341044,-0.003996141020227553,0.0,12.0
2019-06-30,2019-07-31,Profitability,3.147548613989874,3.166839333084851,-0.01929071909497715,-0.0060914738848421015,0.0,13.0
2019-06-30,2019-07-31,ALL,3.166839333084851,3.166839333084851,0.0,0.0,0.0,
2019-07-31,2019-08-31,Value,4.028473420154005,3.5731186407333793,0.45535477942062563,0.12743903161501643,0.47827311068609496,1.0
2019-07-31,2019-08-31,LowRisk,3.7282029964604555,3.5731186407333793,0.15508435572707624,0.043403080423673066,0.16288986211303605,2.0
2019-07-31,2019-08-31,Profitability,3.648025946539296,3.5731186407333793,0.07490730580591665,0.020964124994892974,0.07867744400639437,3.0
2019-07-31,2019-08-31,Momentum,3.631009964722861,3.5731186407333793,0.0578913239894816,0.016201903661838518,0.0608050356722176,4.0
2019-07-31,2019-08-31,Seasonality,3.6303683438284264,3.5731186407333793,0.05724970309504718,0.016022334786873108,0.060131121539916635,5.0
2019-07-31,2019-08-31,ShortTermReversal,3.6300182473349305,3.5731186407333793,0.056899606601551245,0.015924354135040043,0.05976340443986195,6.0
2019-07-31,2019-08-31,Investment,3.6199569565723855,3.5731186407333793,0.04683831583900622,0.013108525226409134,0.04919572172740129,7.0
2019-07-31,2019-08-31,Accruals,3.612095910797787,3.5731186407333793,0.038977270064407765,0.010908473516683375,0.04093902390455928,8.0
2019-07-31,2019-08-31,Quality,3.5788262002423887,3.5731186407333793,0.005707559509009474,0.0015973607604134867,0.005994825055472592,9.0
2019-07-31,2019-08-31,LowLeverage,3.5752948146333674,3.5731186407333793,0.002176173899988143,0.0006090404822218512,0.002285702286611546,10.0
2019-07-31,2019-08-31,DebtIssuance,3.5741133260780074,3.5731186407333793,0.000994685344628099,0.0002783801616013346,0.0010447485684337207,11.0
2019-07-31,2019-08-31,ProfitGrowth,3.5699591334659986,3.5731186407333793,-0.003159507267380679,-0.0008842435936390271,0.0,12.0
2019-07-31,2019-08-31,Size,3.559265708164875,3.5731186407333793,-0.013852932568504173,-0.0038769864539568914,0.0,13.0
2019-07-31,2019-08-31,ALL,3.5731186407333793,3.5731186407333793,0.0,0.0,0.0,
2019-08-31,2019-09-30,Value,3.1773708808009617,3.109995510214906,0.0673753705860558,0.021664137573433363,0.5316600860413558,1.0
2019-08-31,2019-09-30,LowRisk,3.133457752529476,3.109995510214906,0.02346224231457006,0.007544140252777657,0.1851409151324074,2.0
2019-08-31,2019-09-30,Size,3.1251872380704424,3.109995510214906,0.015191727855536463,0.004884807005553101,0.11987815827261636,3.0
2019-08-31,2019-09-30,Momentum,3.1208237723643,3.109995510214906,0.010828262149394252,0.003481761344615575,0.08544598324208372,4.0
2019-08-31,2019-09-30,Quality,3.1155892370730665,3.109995510214906,0.005593726858160508,0.0017986285960181249,0.044140184711903584,5.0
2019-08-31,2019-09-30,ProfitGrowth,3.113669883401708,3.109995510214906,0.0036743731868020824,0.0011814721837164893,0.028994535356923905,6.0
2019-08-31,2019-09-30,LowLeverage,3.110596210759749,3.109995510214906,0.0006007005448429581,0.0001931515794379551,0.00474013724270919,7.0
2019-08-31,2019-09-30,Accruals,3.084778498501518,3.109995510214906,-0.025217011713388082,-0.008108375600724114,0.0,8.0
2019-08-31,2019-09-30,DebtIssuance,3.103707243451181,3.109995510214906,-0.006288266763724959,-0.002021953646901062,0.0,9.0
2019-08-31,2019-09-30,Investment,3.080082999054638,3.109995510214906,-0.02991251116026783,-0.009618184676479107,0.0,10.0
2019-08-31,2019-09-30,Profitability,3.0684714930047043,3.109995510214906,-0.0415240172102016,-0.013351793298033482,0.0,11.0
2019-08-31,2019-09-30,Seasonality,3.0872973823182734,3.109995510214906,-0.022698127896632503,-0.007298443943754769,0.0,12.0
2019-08-31,2019-09-30,ShortTermReversal,3.0860765977918847,3.109995510214906,-0.023918912423021244,-0.007690979727931635,0.0,13.0
2019-08-31,2019-09-30,ALL,3.109995510214906,3.109995510214906,0.0,0.0,0.0,
2019-09-30,2019-10-31,Value,3.26288243168076,3.178358813863863,0.08452361781689666,0.026593478825678304,0.41679957629723224,1.0
2019-09-30,2019-10-31,LowRisk,3.231831078228504,3.178358813863863,0.05347226436464059,0.016823860204643003,0.26368035001905077,2.0
2019-09-30,2019-10-31,Momentum,3.212316775105837,3.178358813863863,0.03395796124197359,0.010684118197684426,0.167452177546795,3.0
2019-09-30,2019-10-31,Size,3.192848559302086,3.178358813863863,0.0144897454382229,0.004558876541886731,0.07145126906883026,4.0
2019-09-30,2019-10-31,Quality,3.1873514220296655,3.178358813863863,0.008992608165802274,0.0028293244068532813,0.044343999584032866,5.0
2019-09-30,2019-10-31,Seasonality,3.181397819505767,3.178358813863863,0.003039005641903625,0.0009561556198902447,0.014985826407173957,6.0
2019-09-30,2019-10-31,ShortTermReversal,3.181071337388314,3.178358813863863,0.0027125235244507273,0.0008534352737704809,0.013375890489407452,7.0
2019-09-30,2019-10-31,ProfitGrowth,3.179963083208424,3.178358813863863,0.0016042693445608158,0.0005047477136826285,0.007910910587477463,8.0
2019-09-30,2019-10-31,Accruals,3.1628503412024664,3.178358813863863,-0.015508472661396766,-0.004879396433703294,0.0,9.0
2019-09-30,2019-10-31,DebtIssuance,3.173609278447098,3.178358813863863,-0.004749535416765038,-0.0014943358176074302,0.0,10.0
2019-09-30,2019-10-31,Investment,3.156044770458686,3.178358813863863,-0.022314043405177397,-0.0070206180963094875,0.0,11.0
2019-09-30,2019-10-31,LowLeverage,3.177564931191812,3.178358813863863,-0.0007938826720512715,-0.0002497775482706325,0.0,12.0
2019-09-30,2019-10-31,Profitability,3.16204406652167,3.178358813863863,-0.016314747342193403,-0.005133072852262364,0.0,13.0
2019-09-30,2019-10-31,ALL,3.178358813863863,3.178358813863863,0.0,0.0,0.0,
2019-10-31,2019-11-30,Value,3.4264618799528193,3.2428393450159994,0.1836225349368199,0.05662399995825694,0.4749351033208707,1.0
2019-10-31,2019-11-30,LowRisk,3.324398939751874,3.2428393450159994,0.08155959473587471,0.02515067385660831,0.21095185602365718,2.0
2019-10-31,2019-11-30,Momentum,3.3006125808121305,3.2428393450159994,0.05777323579613114,0.01781563304544342,0.14942903234321162,3.0
2019-10-31,2019-11-30,Quality,3.261582914551685,3.2428393450159994,0.018743569535685456,0.005779987085852068,0.048479774756925414,4.0
2019-10-31,2019-11-30,ShortTermReversal,3.260251973608351,3.2428393450159994,0.01741262859235171,0.005369562515982672,0.04503732922782037,5.0
2019-10-31,2019-11-30,Seasonality,3.258853443135285,3.2428393450159994,0.01601409811928578,0.004938295245460817,0.041420065067125214,6.0
2019-10-31,2019-11-30,Size,3.2523004330824064,3.2428393450159994,0.009461088066406997,0.002917532156179115,0.024470868131152505,7.0
2019-10-31,2019-11-30,ProfitGrowth,3.244879175692296,3.2428393450159994,0.002039830676296539,0.0006290261278072889,0.005275971129237022,8.0
2019-10-31,2019-11-30,Accruals,3.230567871048856,3.2428393450159994,-0.012271473967143454,-0.003784175736612974,0.0,9.0
2019-10-31,2019-11-30,DebtIssuance,3.23789896032129,3.2428393450159994,-0.0049403846947093655,-0.0015234750072655823,0.0,10.0
2019-10-31,2019-11-30,Investment,3.230679643374979,3.2428393450159994,-0.012159701641020426,-0.0037497083103142236,0.0,11.0
2019-10-31,2019-11-30,LowLeverage,3.2414454966569135,3.2428393450159994,-0.0013938483590858475,-0.00042982343890334495,0.0,12.0
2019-10-31,2019-11-30,Profitability,3.218471892397512,3.2428393450159994,-0.024367452618487384,-0.007514233677945943,0.0,13.0
2019-10-31,2019-11-30,ALL,3.2428393450159994,3.2428393450159994,0.0,0.0,0.0,
2019-11-30,2019-12-31,Momentum,3.1042199633927683,3.077565755339788,0.026654208052980355,0.00866080862991586,0.499880711908476,1.0
2019-11-30,2019-12-31,Size,3.0945845797651894,3.077565755339788,0.01701882442540148,0.005529962892221766,0.3191759459783985,2.0
2019-11-30,2019-12-31,Quality,3.0833939011922546,3.077565755339788,0.005828145852466715,0.001893751853182822,0.10930272968705713,3.0
2019-11-30,2019-12-31,LowRisk,3.081385714268303,3.077565755339788,0.003819958928515277,0.0012412273959987324,0.07164061242606837,4.0
2019-11-30,2019-12-31,Accruals,3.046007272039787,3.077565755339788,-0.031558483300000884,-0.010254365238255186,0.0,5.0
2019-11-30,2019-12-31,DebtIssuance,3.0714792416574586,3.077565755339788,-0.006086513682329375,-0.001977703862791187,0.0,6.0
2019-11-30,2019-12-31,Investment,3.0463900356273506,3.077565755339788,-0.031175719712437377,-0.010129993049976386,0.0,7.0
2019-11-30,2019-12-31,LowLeverage,3.0677083067601996,3.077565755339788,-0.009857448579588368,-0.0032030017758304654,0.0,8.0
2019-11-30,2019-12-31,ProfitGrowth,3.071961835943916,3.077565755339788,-0.005603919395872126,-0.0018208934727548683,0.0,9.0
2019-11-30,2019-12-31,Profitability,3.0371336810108733,3.077565755339788,-0.0404320743289146,-0.013137680083280813,0.0,10.0
2019-11-30,2019-12-31,Seasonality,3.0645948496549744,3.077565755339788,-0.012970905684813516,-0.004214664028642802,0.0,11.0
2019-11-30,2019-12-31,ShortTermReversal,3.075314100803335,3.077565755339788,-0.0022516545364528184,-0.0007316349074088971,0.0,12.0
2019-11-30,2019-12-31,Value,3.033856519325245,3.077565755339788,-0.043709236014542796,-0.014202535214301846,0.0,13.0
2019-11-30,2019-12-31,ALL,3.077565755339788,3.077565755339788,0.0,0.0,0.0,
2019-12-31,2020-01-31,LowRisk,3.457819987415742,3.316280061884825,0.14153992553091665,0.042680329432271076,0.29445763642215866,1.0
2019-12-31,2020-01-31,Value,3.441163009790361,3.316280061884825,0.12488294790553578,0.037657539645357306,0.25980469843940496,2.0
2019-12-31,2020-01-31,Momentum,3.3632859333819742,3.316280061884825,0.04700587149714908,0.014174276786030261,0.09779034266900814,3.0
2019-12-31,2020-01-31,Profitability,3.3569484665957,3.316280061884825,0.04066840471087474,0.012263260023871639,0.0846059674208902,4.0
2019-12-31,2020-01-31,Quality,3.342062601939031,3.316280061884825,0.02578254005420577,0.007774536400147136,0.053637627523428155,5.0
2019-12-31,2020-01-31,Accruals,3.3419287942917837,3.316280061884825,0.02564873240695853,0.007734187682683512,0.05335925600814128,6.0
2019-12-31,2020-01-31,LowLeverage,3.341761882438749,3.316280061884825,0.025481820553924006,0.00768385663406283,0.053012014976672364,7.0
2019-12-31,2020-01-31,Investment,3.334955547746561,3.316280061884825,0.01867548586173573,0.005631456183806569,0.038852213643993785,8.0
2019-12-31,2020-01-31,Seasonality,3.328142986895071,3.316280061884825,0.011862925010245995,0.00357717828074618,0.024679459498566304,9.0
2019-12-31,2020-01-31,ProfitGrowth,3.327911072532615,3.316280061884825,0.011631010647789708,0.003507246200786541,0.024196988176322223,10.0
2019-12-31,2020-01-31,DebtIssuance,3.3207748988960715,3.316280061884825,0.004494837011246311,0.0013553852290423406,0.0093509946219756,11.0
2019-12-31,2020-01-31,Size,3.318320990862468,3.316280061884825,0.002040928977642853,0.0006154272074605424,0.0042459194506990015,12.0
2019-12-31,2020-01-31,ShortTermReversal,3.3172447297120664,3.316280061884825,0.0009646678272412501,0.0002908885284836215,0.0020068811487392777,13.0
2019-12-31,2020-01-31,ALL,3.316280061884825,3.316280061884825,0.0,0.0,0.0,
2020-01-31,2020-02-29,ProfitGrowth,3.7540468563452833,3.638718671806746,0.11532818453853722,0.031694724143450446,0.16091956387993198,1.0
2020-01-31,2020-02-29,Value,3.750508174900732,3.638718671806746,0.11178950309398594,0.030722216575891175,0.15598197575222744,2.0
2020-01-31,2020-02-29,LowRisk,3.721527935959331,3.638718671806746,0.08280926415258483,0.022757808894158682,0.11554530859886415,3.0
2020-01-31,2020-02-29,Accruals,3.716039013450589,3.638718671806746,0.07732034164384283,0.021249332146211424,0.10788651279095514,4.0
2020-01-31,2020-02-29,Profitability,3.713491838275008,3.638718671806746,0.07477316646826182,0.020549312330083058,0.10433239182719958,5.0
2020-01-31,2020-02-29,Investment,3.711780287673627,3.638718671806746,0.07306161586688109,0.020078940543816086,0.10194423339537594,6.0
2020-01-31,2020-02-29,ShortTermReversal,3.7020470913702135,3.638718671806746,0.06332841956346735,0.017404043916377482,0.08836332331194585,7.0
2020-01-31,2020-02-29,LowLeverage,3.689461847450101,3.638718671806746,0.05074317564335473,0.013945341814007028,0.07080289806940371,8.0
2020-01-31,2020-02-29,Size,3.687170300915889,3.638718671806746,0.048451629109143024,0.013315574376373858,0.06760546051004719,9.0
2020-01-31,2020-02-29,Quality,3.649084251146468,3.638718671806746,0.010365579339721709,0.0028486894081797345,0.01446328591215685,10.0
2020-01-31,2020-02-29,DebtIssuance,3.6469369448533047,3.638718671806746,0.008218273046558533,0.0022585623643385116,0.011467109447617191,11.0
2020-01-31,2020-02-29,Seasonality,3.6392117036432916,3.638718671806746,0.0004930318365454767,0.0001354960031303189,0.0006879365042749707,12.0
2020-01-31,2020-02-29,Momentum,3.635557188654173,3.638718671806746,-0.0031614831525730303,-0.000868845172634148,0.0,13.0
2020-01-31,2020-02-29,ALL,3.638718671806746,3.638718671806746,0.0,0.0,0.0,
2020-02-29,2020-03-31,Value,11.246225227374223,9.777461369077091,1.468763858297132,0.15021934660282588,0.240549666163525,1.0
2020-02-29,2020-03-31,LowRisk,10.81215276961217,9.777461369077091,1.0346914005350794,0.10582413588536074,0.16945860260310944,2.0
2020-02-29,2020-03-31,ShortTermReversal,10.713296220303315,9.777461369077091,0.9358348512262236,0.09571347979813684,0.15326817839026596,3.0
2020-02-29,2020-03-31,Accruals,10.41639570527125,9.777461369077091,0.6389343361941595,0.06534767176016666,0.10464271734607579,4.0
2020-02-29,2020-03-31,ProfitGrowth,10.28541189733291,9.777461369077091,0.5079505282558188,0.05195116698310872,0.08319058867719277,5.0
2020-02-29,2020-03-31,Investment,10.260991142940627,9.777461369077091,0.4835297738635358,0.04945350900518842,0.07919103198648293,6.0
2020-02-29,2020-03-31,Profitability,10.206317325561272,9.777461369077091,0.4288559564841812,0.04386168764015905,0.07023672088725878,7.0
2020-02-29,2020-03-31,Momentum,10.037851621934607,9.777461369077091,0.2603902528575155,0.026631683115726196,0.042645921632175496,8.0
2020-02-29,2020-03-31,Seasonality,9.963427013162907,9.777461369077091,0.18596564408581528,0.01901982908098862,0.03045688614274035,9.0
2020-02-29,2020-03-31,DebtIssuance,9.90332844631475,9.777461369077091,0.12586707723765933,0.012873185838988398,0.02061412611663845,10.0
2020-02-29,2020-03-31,LowLeverage,9.796507973537873,9.777461369077091,0.019046604460781325,0.0019480112210946185,0.0031193948017631443,11.0
2020-02-29,2020-03-31,Size,9.79349638035233,9.777461369077091,0.016035011275238986,0.001639997405252091,0.002626165252771885,12.0
2020-02-29,2020-03-31,Quality,9.757947655976045,9.777461369077091,-0.019513713101046548,-0.0019957852416335833,0.0,13.0
2020-02-29,2020-03-31,ALL,9.777461369077091,9.777461369077091,0.0,0.0,0.0,
2020-03-31,2020-04-30,LowLeverage,3.2399478518247933,3.2185563013710548,0.021391550453738528,0.006646318551154771,0.6819342587193447,1.0
2020-03-31,2020-04-30,Quality,3.228533684476852,3.2185563013710548,0.009977383105797433,0.0030999560584188705,0.31806574128065535,2.0
2020-03-31,2020-04-30,Accruals,3.1856738923938055,3.2185563013710548,-0.032882408977249256,-0.010216508862449248,0.0,3.0
2020-03-31,2020-04-30,DebtIssuance,3.2138345484172492,3.2185563013710548,-0.0047217529538055025,-0.001467040657885683,0.0,4.0
2020-03-31,2020-04-30,Investment,3.1783730046373035,3.2185563013710548,-0.040183296733751206,-0.012484882342009599,0.0,5.0
2020-03-31,2020-04-30,LowRisk,3.1942803422785904,3.2185563013710548,-0.024275959092464383,-0.007542499437441316,0.0,6.0
2020-03-31,2020-04-30,Momentum,3.1820293377392392,3.2185563013710548,-0.03652696363181551,-0.011348865830389729,0.0,7.0
2020-03-31,2020-04-30,ProfitGrowth,3.196541775746717,3.2185563013710548,-0.02201452562433781,-0.0068398758831591565,0.0,8.0
2020-03-31,2020-04-30,Profitability,3.1924689836518167,3.2185563013710548,-0.026087317719238,-0.008105285499627647,0.0,9.0
2020-03-31,2020-04-30,Seasonality,3.2006245737872128,3.2185563013710548,-0.017931727583841983,-0.005571357436314955,0.0,10.0
2020-03-31,2020-04-30,ShortTermReversal,3.1631575202872892,3.2185563013710548,-0.0553987810837655,-0.017212307598958726,0.0,11.0
2020-03-31,2020-04-30,Size,3.218209555667083,3.2185563013710548,-0.00034674570397186244,-0.0001077333038493545,0.0,12.0
2020-03-31,2020-04-30,Value,3.1131699517934464,3.2185563013710548,-0.1053863495776084,-0.03274336059702154,0.0,13.0
2020-03-31,2020-04-30,ALL,3.2185563013710548,3.2185563013710548,0.0,0.0,0.0,
2020-04-30,2020-05-31,LowRisk,3.2426735497385386,3.1845593254649707,0.05811422427356794,0.018248749146817293,0.5292645812536325,1.0
2020-04-30,2020-05-31,ShortTermReversal,3.200034595631842,3.1845593254649707,0.015475270166871447,0.004859469893722873,0.1409381693903352,2.0
2020-04-30,2020-05-31,Quality,3.1983724341958926,3.1845593254649707,0.013813108730921897,0.004337525955464835,0.12580034061656462,3.0
2020-04-30,2020-05-31,LowLeverage,3.196499117330815,3.1845593254649707,0.011939791865844374,0.0037492760051191917,0.1087394527092717,4.0
2020-04-30,2020-05-31,Momentum,3.19411105348071,3.1845593254649707,0.009551728015739336,0.0029993876827352586,0.0869906015556713,5.0
2020-04-30,2020-05-31,Size,3.1854670412879935,3.1845593254649707,0.0009077158230228477,0.00028503655616160143,0.00826685447452482,6.0
2020-04-30,2020-05-31,Accruals,3.1683869675553993,3.1845593254649707,-0.01617235790957139,-0.005078366033331816,0.0,7.0
2020-04-30,2020-05-31,DebtIssuance,3.181298454212217,3.1845593254649707,-0.003260871252753539,-0.0010239631043071952,0.0,8.0
2020-04-30,2020-05-31,Investment,3.163266089903313,3.1845593254649707,-0.021293235561657742,-0.0066863993995617465,0.0,9.0
2020-04-30,2020-05-31,ProfitGrowth,3.175886672022985,3.1845593254649707,-0.008672653441985645,-0.0027233449138898895,0.0,10.0
2020-04-30,2020-05-31,Profitability,3.154448364857655,3.1845593254649707,-0.03011096060731555,-0.009455299000567092,0.0,11.0
2020-04-30,2020-05-31,Seasonality,3.1834404706049257,3.1845593254649707,-0.0011188548600449266,-0.0003513374208789673,0.0,12.0
2020-04-30,2020-05-31,Value,3.117420946796901,3.1845593254649707,-0.06713837866806971,-0.021082470698914356,0.0,13.0
2020-04-30,2020-05-31,ALL,3.1845593254649707,3.1845593254649707,0.0,0.0,0.0,
2020-05-31,2020-06-30,LowRisk,3.205111378124766,3.172232168280674,0.032879209844092205,0.010364692147331855,0.6834784262635659,1.0
2020-05-31,2020-06-30,Quality,3.183689139924128,3.172232168280674,0.01145697164345405,0.0036116434849923496,0.23816244325048128,2.0
2020-05-31,2020-06-30,ProfitGrowth,3.174556889399715,3.172232168280674,0.00232472111904114,0.0007328344823831483,0.04832527118133923,3.0
2020-05-31,2020-06-30,Size,3.1731507969689674,3.172232168280674,0.0009186286882933992,0.00028958431778065255,0.0190960455915017,4.0
2020-05-31,2020-06-30,LowLeverage,3.172758339493239,3.172232168280674,0.0005261712125648188,0.00016586781315252837,0.010937813713111873,5.0
2020-05-31,2020-06-30,Accruals,3.145623098006265,3.172232168280674,-0.026609070274409063,-0.008388121947843111,0.0,6.0
2020-05-31,2020-06-30,DebtIssuance,3.170252352852585,3.172232168280674,-0.0019798154280890046,-0.0006241079855015939,0.0,7.0
2020-05-31,2020-06-30,Investment,3.1346365521065236,3.172232168280674,-0.037595616174150415,-0.011851470567025665,0.0,8.0
2020-05-31,2020-06-30,Momentum,3.138373107862972,3.172232168280674,-0.033859060417702036,-0.010673575773003208,0.0,9.0
2020-05-31,2020-06-30,Profitability,3.1371071238739643,3.172232168280674,-0.035125044406709716,-0.011072658791474026,0.0,10.0
2020-05-31,2020-06-30,Seasonality,3.158360030417778,3.172232168280674,-0.013872137862895872,-0.004372989468300634,0.0,11.0
2020-05-31,2020-06-30,ShortTermReversal,3.164751294744086,3.172232168280674,-0.007480873536588106,-0.0023582364529903506,0.0,12.0
2020-05-31,2020-06-30,Value,3.1302611657343364,3.172232168280674,-0.041971002546337566,-0.013230747410611353,0.0,13.0
2020-05-31,2020-06-30,ALL,3.172232168280674,3.172232168280674,0.0,0.0,0.0,
2020-06-30,2020-07-31,LowRisk,3.3170546347972065,3.310628463730218,0.006426171066988395,0.0019410728619628221,0.5126390583057737,1.0
2020-06-30,2020-07-31,Quality,3.315875135449611,3.310628463730218,0.005246671719393081,0.001584796293777238,0.41854610178152307,2.0
2020-06-30,2020-07-31,ProfitGrowth,3.3114910900285106,3.310628463730218,0.0008626262982924793,0.00026056270214040375,0.06881483991270328,3.0
2020-06-30,2020-07-31,Accruals,3.2886734240544646,3.310628463730218,-0.021955039675753518,-0.0066316833544697714,0.0,4.0
2020-06-30,2020-07-31,DebtIssuance,3.309301999516715,3.310628463730218,-0.0013264642135029092,-0.0004006684011918174,0.0,5.0
2020-06-30,2020-07-31,Investment,3.299156779742019,3.310628463730218,-0.0114716839881992,-0.003465107641608806,0.0,6.0
2020-06-30,2020-07-31,LowLeverage,3.304496778123965,3.310628463730218,-0.00613168560625299,-0.0018521213338884223,0.0,7.0
2020-06-30,2020-07-31,Momentum,3.284433188999984,3.310628463730218,-0.026195274730234086,-0.007912477953119154,0.0,8.0
2020-06-30,2020-07-31,Profitability,3.2787335051240274,3.310628463730218,-0.03189495860619074,-0.009634109944869322,0.0,9.0
2020-06-30,2020-07-31,Seasonality,3.299141659174602,3.310628463730218,-0.011486804555616015,-0.003469674921683411,0.0,10.0
2020-06-30,2020-07-31,ShortTermReversal,3.3062484485874486,3.310628463730218,-0.004380015142769533,-0.0013230162160311986,0.0,11.0
2020-06-30,2020-07-31,Size,3.270287044150749,3.310628463730218,-0.04034141957946913,-0.012185426429281294,0.0,12.0
2020-06-30,2020-07-31,Value,3.250053111389096,3.310628463730218,-0.0605753523411221,-0.018297236613760464,0.0,13.0
2020-06-30,2020-07-31,ALL,3.310628463730218,3.310628463730218,0.0,0.0,0.0,
2020-07-31,2020-08-31,LowRisk,3.3274968477370903,3.26099402363336,0.06650282410373043,0.020393421031061502,0.747756598324921,1.0
2020-07-31,2020-08-31,Value,3.2735493588596993,3.26099402363336,0.012555335226339448,0.003850155852892501,0.1411719710584442,2.0
2020-07-31,2020-08-31,Size,3.266493689939937,3.26099402363336,0.005499666306576945,0.001686499964955251,0.0618381523604721,3.0
2020-07-31,2020-08-31,LowLeverage,3.2652394470002277,3.26099402363336,0.00424542336686784,0.001301880143324409,0.047735466546602726,4.0
2020-07-31,2020-08-31,Quality,3.2611272337031667,3.26099402363336,0.0001332100698068217,4.0849528960007314e-05,0.0014978117095599671,5.0
2020-07-31,2020-08-31,Accruals,3.2401992168104785,3.26099402363336,-0.020794806822881373,-0.00637683070627405,0.0,6.0
2020-07-31,2020-08-31,DebtIssuance,3.2573497560755817,3.26099402363336,-0.003644267557778136,-0.0011175327312368812,0.0,7.0
2020-07-31,2020-08-31,Investment,3.2343271751315865,3.26099402363336,-0.026666848501773366,-0.008177521427059069,0.0,8.0
2020-07-31,2020-08-31,Momentum,3.2349969082139443,3.26099402363336,-0.02599711541941563,-0.007972144453809811,0.0,9.0
2020-07-31,2020-08-31,ProfitGrowth,3.2542364402448904,3.26099402363336,-0.006757583388469435,-0.002072246480519525,0.0,10.0
2020-07-31,2020-08-31,Profitability,3.22798118395289,3.26099402363336,-0.03301283968046986,-0.01012355111392917,0.0,11.0
2020-07-31,2020-08-31,Seasonality,3.253075688883868,3.26099402363336,-0.007918334749491773,-0.0024281966455949712,0.0,12.0
2020-07-31,2020-08-31,ShortTermReversal,3.234861228620399,3.26099402363336,-0.02613279501296084,-0.008013751274479184,0.0,13.0
2020-07-31,2020-08-31,ALL,3.26099402363336,3.26099402363336,0.0,0.0,0.0,
2020-08-31,2020-09-30,LowRisk,3.3333115827023203,3.2982581060005134,0.03505347670180692,0.010627875555898494,0.6125729787649947,1.0
2020-08-31,2020-09-30,Momentum,3.3119832098870887,3.2982581060005134,0.01372510388657533,0.00416131892819585,0.23985146589539474,2.0
2020-08-31,2020-09-30,LowLeverage,3.303138959432837,3.2982581060005134,0.004880853432323473,0.0014798276167179724,0.0852947897690165,3.0
2020-08-31,2020-09-30,Size,3.300304360145404,3.2982581060005134,0.002046254144890458,0.0006204044920461843,0.03575907769460002,4.0
2020-08-31,2020-09-30,Quality,3.299098614127109,3.2982581060005134,0.0008405081265956404,0.00025483394555038185,0.014688202575875631,5.0
2020-08-31,2020-09-30,DebtIssuance,3.2989352576471713,3.2982581060005134,0.0006771516466579364,0.00020530583868678923,0.011833485300118352,6.0
2020-08-31,2020-09-30,Accruals,3.2898283314943475,3.2982581060005134,-0.008429774506165888,-0.0025558262074243427,0.0,7.0
2020-08-31,2020-09-30,Investment,3.2976498316498195,3.2982581060005134,-0.0006082743506938826,-0.00018442290783345623,0.0,8.0
2020-08-31,2020-09-30,ProfitGrowth,3.296151862514825,3.2982581060005134,-0.0021062434856884416,-0.000638592680741558,0.0,9.0
2020-08-31,2020-09-30,Profitability,3.2821040626036457,3.2982581060005134,-0.016154043396867657,-0.00489774992668968,0.0,10.0
2020-08-31,2020-09-30,Seasonality,3.2826703612848998,3.2982581060005134,-0.015587744715613638,-0.004726053636389126,0.0,11.0
2020-08-31,2020-09-30,ShortTermReversal,3.2840854697075432,3.2982581060005134,-0.014172636292970164,-0.0042970064311176615,0.0,12.0
2020-08-31,2020-09-30,Value,3.2947472919498035,3.2982581060005134,-0.003510814050709854,-0.0010644449093667467,0.0,13.0
2020-08-31,2020-09-30,ALL,3.2982581060005134,3.2982581060005134,0.0,0.0,0.0,
2020-09-30,2020-10-31,LowRisk,3.2538928730280188,3.2282743307707262,0.025618542257292543,0.007935676969304003,0.5497932833328015,1.0
2020-09-30,2020-10-31,Quality,3.2369233215651243,3.2282743307707262,0.00864899079439807,0.0026791374921143053,0.185613880704461,2.0
2020-09-30,2020-10-31,Size,3.236122616724729,3.2282743307707262,0.007848285954002776,0.0024311087441348444,0.16843014953193175,3.0
2020-09-30,2020-10-31,LowLeverage,3.232755192797575,3.2282743307707262,0.004480862026848609,0.0013880053451897432,0.09616268643080572,4.0
2020-09-30,2020-10-31,Accruals,3.2067131785351677,3.2282743307707262,-0.021561152235558545,-0.0066788475905054144,0.0,5.0
2020-09-30,2020-10-31,DebtIssuance,3.226416202512933,3.2282743307707262,-0.0018581282577931901,-0.0005755794171772187,0.0,6.0
2020-09-30,2020-10-31,Investment,3.2007855769811444,3.2282743307707262,-0.02748875378958182,-0.00851499933805783,0.0,7.0
2020-09-30,2020-10-31,Momentum,3.1964403640815235,3.2282743307707262,-0.031833966689202686,-0.009860985600192957,0.0,8.0
2020-09-30,2020-10-31,ProfitGrowth,3.2126859654878888,3.2282743307707262,-0.015588365282837469,-0.004828699077477677,0.0,9.0
2020-09-30,2020-10-31,Profitability,3.189467952143306,3.2282743307707262,-0.0388063786274202,-0.012020780965710392,0.0,10.0
2020-09-30,2020-10-31,Seasonality,3.209785046830706,3.2282743307707262,-0.01848928394002014,-0.0057272963960302474,0.0,11.0
2020-09-30,2020-10-31,ShortTermReversal,3.1964932288843144,3.2282743307707262,-0.03178110188641181,-0.009844610039328445,0.0,12.0
2020-09-30,2020-10-31,Value,3.2192402638302005,3.2282743307707262,-0.009034066940525776,-0.0027984198413425914,0.0,13.0
2020-09-30,2020-10-31,ALL,3.2282743307707262,3.2282743307707262,0.0,0.0,0.0,
2020-10-31,2020-11-30,LowLeverage,3.1826753982262708,3.1764914447454893,0.00618395348078149,0.001946787387389601,0.5122776890793861,1.0
2020-10-31,2020-11-30,Size,3.1796399086531286,3.1764914447454893,0.003148463907639343,0.0009911765740302845,0.2608182321823529,2.0
2020-10-31,2020-11-30,DebtIssuance,3.1792305143896087,3.1764914447454893,0.0027390696441194073,0.0008622940410087805,0.22690407873826102,3.0
2020-10-31,2020-11-30,Accruals,3.144341130944471,3.1764914447454893,-0.03215031380101818,-0.01012132862948547,0.0,4.0
2020-10-31,2020-11-30,Investment,3.1407420471012943,3.1764914447454893,-0.035749397644194936,-0.011254366103623898,0.0,5.0
2020-10-31,2020-11-30,LowRisk,3.150370037499951,3.1764914447454893,-0.026121407245538464,-0.008223351990683985,0.0,6.0
2020-10-31,2020-11-30,Momentum,3.120792245062469,3.1764914447454893,-0.05569919968302006,-0.01753481810100794,0.0,7.0
2020-10-31,2020-11-30,ProfitGrowth,3.14756786271905,3.1764914447454893,-0.0289235820264393,-0.009105512333201561,0.0,8.0
2020-10-31,2020-11-30,Profitability,3.1184299984454995,3.1764914447454893,-0.05806144629998977,-0.018278483449415316,0.0,9.0
2020-10-31,2020-11-30,Quality,3.1761100081910643,3.1764914447454893,-0.00038143655442501867,-0.00012008108979987528,0.0,10.0
2020-10-31,2020-11-30,Seasonality,3.140527555771449,3.1764914447454893,-0.03596388897404035,-0.011321890708546167,0.0,11.0
2020-10-31,2020-11-30,ShortTermReversal,3.102274176698082,3.1764914447454893,-0.07421726804740736,-0.02336454208626206,0.0,12.0
2020-10-31,2020-11-30,Value,2.9883058211830207,3.1764914447454893,-0.1881856235624686,-0.059243233245209206,0.0,13.0
2020-10-31,2020-11-30,ALL,3.1764914447454893,3.1764914447454893,0.0,0.0,0.0,
2020-11-30,2020-12-31,LowRisk,3.1285172729043547,3.0796203653015928,0.048896907602761885,0.01587757639015786,0.7008827885071145,1.0
2020-11-30,2020-12-31,ShortTermReversal,3.0892981820617402,3.0796203653015928,0.00967781676014745,0.0031425356414668615,0.13872073981893085,2.0
2020-11-30,2020-12-31,Size,3.087449311851076,3.0796203653015928,0.007828946549483184,0.0025421791067797676,0.11221924161856382,3.0
2020-11-30,2020-12-31,Quality,3.082981437374133,3.0796203653015928,0.0033610720725403276,0.0010913916891867196,0.04817723005539089,4.0
2020-11-30,2020-12-31,Accruals,3.05359114626171,3.0796203653015928,-0.026029219039882978,-0.008452086930310285,0.0,5.0
2020-11-30,2020-12-31,DebtIssuance,3.0787398426799046,3.0796203653015928,-0.0008805226216881401,-0.0002859192099159628,0.0,6.0
2020-11-30,2020-12-31,Investment,3.0311932415440985,3.0796203653015928,-0.04842712375749425,-0.01572503036514752,0.0,7.0
2020-11-30,2020-12-31,LowLeverage,3.074733426629978,3.0796203653015928,-0.004886938671614605,-0.0015868639935870854,0.0,8.0
2020-11-30,2020-12-31,Momentum,3.068971349952941,3.0796203653015928,-0.010649015348651591,-0.0034578987295431508,0.0,9.0
2020-11-30,2020-12-31,ProfitGrowth,3.0439386607671604,3.0796203653015928,-0.035681704534432424,-0.011586397121041914,0.0,10.0
2020-11-30,2020-12-31,Profitability,3.0207245608118884,3.0796203653015928,-0.05889580448970433,-0.019124371676876008,0.0,11.0
2020-11-30,2020-12-31,Seasonality,3.070782198026334,3.0796203653015928,-0.008838167275258879,-0.0028698885664088475,0.0,12.0
2020-11-30,2020-12-31,Value,2.9890900308467265,3.0796203653015928,-0.09053033445486625,-0.029396589097435862,0.0,13.0
2020-11-30,2020-12-31,ALL,3.0796203653015928,3.0796203653015928,0.0,0.0,0.0,
2020-12-31,2021-01-31,Quality,3.088699816373071,3.0794116674396834,0.009288148933387586,0.0030162089179554337,0.844864987821511,1.0
2020-12-31,2021-01-31,DebtIssuance,3.081117167275358,3.0794116674396834,0.0017054998356744733,0.0005538395056781992,0.15513501217848902,2.0
2020-12-31,2021-01-31,Accruals,3.0480682809561723,3.0794116674396834,-0.03134338648351109,-0.010178368425021568,0.0,3.0
2020-12-31,2021-01-31,Investment,3.0536163384880033,3.0794116674396834,-0.02579532895168013,-0.008376706896459593,0.0,4.0
2020-12-31,2021-01-31,LowLeverage,3.057822211097056,3.0794116674396834,-0.021589456342627322,-0.007010902949710992,0.0,5.0
2020-12-31,2021-01-31,LowRisk,3.054017317694428,3.0794116674396834,-0.02539434974525534,-0.00824649396953444,0.0,6.0
2020-12-31,2021-01-31,Momentum,3.051734085094468,3.0794116674396834,-0.027677582345215335,-0.00898794488501348,0.0,7.0
2020-12-31,2021-01-31,ProfitGrowth,3.041824639732167,3.0794116674396834,-0.03758702770751654,-0.012205911961997449,0.0,8.0
2020-12-31,2021-01-31,Profitability,3.0317700434307704,3.0794116674396834,-0.04764162400891303,-0.015471014971026504,0.0,9.0
2020-12-31,2021-01-31,Seasonality,3.0664903613736154,3.0794116674396834,-0.012921306066068006,-0.004196030755709636,0.0,10.0
2020-12-31,2021-01-31,ShortTermReversal,3.0534500114903085,3.0794116674396834,-0.02596165594937494,-0.008430719485764711,0.0,11.0
2020-12-31,2021-01-31,Size,3.076400420312377,3.0794116674396834,-0.0030112471273064934,-0.0009778644275288259,0.0,12.0
2020-12-31,2021-01-31,Value,2.9260687758772836,3.0794116674396834,-0.15334289156239977,-0.04979616502196789,0.0,13.0
2020-12-31,2021-01-31,ALL,3.0794116674396834,3.0794116674396834,0.0,0.0,0.0,
2021-01-31,2021-02-28,LowRisk,3.0710003168524342,3.0142872476741824,0.05671306917825181,0.018814752715426007,0.44590675984817374,1.0
2021-01-31,2021-02-28,Quality,3.0403755111680906,3.0142872476741824,0.026088263493908137,0.008654869742104965,0.20511908830169506,2.0
2021-01-31,2021-02-28,ShortTermReversal,3.0333801050843845,3.0142872476741824,0.019092857410202058,0.006334120089229739,0.15011767670812606,3.0
2021-01-31,2021-02-28,Seasonality,3.0296028544611273,3.0142872476741824,0.01531560678694488,0.005081004406186693,0.12041902680333488,4.0
2021-01-31,2021-02-28,Size,3.0197353647616554,3.0142872476741824,0.005448117087472948,0.001807431289661164,0.04283584494630267,5.0
2021-01-31,2021-02-28,Momentum,3.0188152709693115,3.0142872476741824,0.0045280232951290245,0.001502187058855402,0.03560160339236771,6.0
2021-01-31,2021-02-28,Accruals,2.984656338022589,3.0142872476741824,-0.02963090965159365,-0.009830154599385575,0.0,7.0
2021-01-31,2021-02-28,DebtIssuance,3.009507140133944,3.0142872476741824,-0.0047801075402382764,-0.001585816860661371,0.0,8.0
2021-01-31,2021-02-28,Investment,2.986749677196198,3.0142872476741824,-0.027537570477984552,-0.009135682241044706,0.0,9.0
2021-01-31,2021-02-28,LowLeverage,2.987600128130179,3.0142872476741824,-0.02668711954400349,-0.00885354226429323,0.0,10.0
2021-01-31,2021-02-28,ProfitGrowth,2.9849684369160943,3.0142872476741824,-0.029318810758088176,-0.009726614734780339,0.0,11.0
2021-01-31,2021-02-28,Profitability,2.973960308557835,3.0142872476741824,-0.040326939116347216,-0.013378598588261088,0.0,12.0
2021-01-31,2021-02-28,Value,2.9821059680888156,3.0142872476741824,-0.03218127958536687,-0.010676248459796882,0.0,13.0
2021-01-31,2021-02-28,ALL,3.0142872476741824,3.0142872476741824,0.0,0.0,0.0,
2021-02-28,2021-03-31,Value,3.196841896241442,3.129330117704201,0.067511778537241,0.021573875557357392,0.33137971651076176,1.0
2021-02-28,2021-03-31,LowRisk,3.188530831882109,3.129330117704201,0.059200714177908065,0.018918015022761494,0.29058508465582983,2.0
2021-02-28,2021-03-31,Quality,3.174350383462116,3.129330117704201,0.045020265757914846,0.014386550496290713,0.22098074183999514,3.0
2021-02-28,2021-03-31,Seasonality,3.1511247775968454,3.129330117704201,0.021794659892644397,0.0069646406971706175,0.10697849135597848,4.0
2021-02-28,2021-03-31,Momentum,3.1359486378176604,3.129330117704201,0.006618520113459425,0.0021149958184389413,0.03248682476509069,5.0
2021-02-28,2021-03-31,Size,3.1329135421688528,3.129330117704201,0.0035834244646517632,0.001145109122357696,0.01758914087234411,6.0
2021-02-28,2021-03-31,Accruals,3.1034202341686474,3.129330117704201,-0.02590988353555357,-0.008279690080943609,0.0,7.0
2021-02-28,2021-03-31,DebtIssuance,3.1221212328046724,3.129330117704201,-0.007208884899528645,-0.002303651142058916,0.0,8.0
2021-02-28,2021-03-31,Investment,3.0966584709929936,3.129330117704201,-0.03267164671120737,-0.010440460252616803,0.0,9.0
2021-02-28,2021-03-31,LowLeverage,3.1267925014155358,3.129330117704201,-0.002537616288665223,-0.0008109135799731214,0.0,10.0
2021-02-28,2021-03-31,ProfitGrowth,3.101655283548913,3.129330117704201,-0.027674834155288153,-0.008843692775881214,0.0,11.0
2021-02-28,2021-03-31,Profitability,3.075347367815748,3.129330117704201,-0.053982749888453085,-0.017250576915182392,0.0,12.0
2021-02-28,2021-03-31,ShortTermReversal,3.0702723085901193,3.129330117704201,-0.05905780911408165,-0.01887234867934252,0.0,13.0
2021-02-28,2021-03-31,ALL,3.129330117704201,3.129330117704201,0.0,0.0,0.0,
2021-03-31,2021-04-30,Quality,3.139374124216265,3.0921773399596266,0.04719678425663831,0.015263285079650232,0.4299255124800991,1.0
2021-03-31,2021-04-30,Size,3.115559500386012,3.0921773399596266,0.0233821604263853,0.007561713917317107,0.2129930558307408,2.0
2021-03-31,2021-04-30,ProfitGrowth,3.111958752066192,3.0921773399596266,0.019781412106565366,0.006397243732089326,0.18019307610558177,3.0
2021-03-31,2021-04-30,LowLeverage,3.107056386696674,3.0921773399596266,0.014879046737047208,0.0048118348662504196,0.13553639076036486,4.0
2021-03-31,2021-04-30,LowRisk,3.096716916480896,3.0921773399596266,0.00453957652126924,0.0014680841433656296,0.04135196482321348,5.0
2021-03-31,2021-04-30,Accruals,3.0572695576026763,3.0921773399596266,-0.034907782356950356,-0.011289062210580113,0.0,6.0
2021-03-31,2021-04-30,DebtIssuance,3.0873805465670996,3.0921773399596266,-0.004796793392527032,-0.0015512672350770354,0.0,7.0
2021-03-31,2021-04-30,Investment,3.0403666808861773,3.0921773399596266,-0.05181065907344928,-0.016755397047869755,0.0,8.0
2021-03-31,2021-04-30,Momentum,3.0902697087728557,3.0921773399596266,-0.0019076311867709528,-0.0006169216629715876,0.0,9.0
2021-03-31,2021-04-30,Profitability,3.036888448592889,3.0921773399596266,-0.05528889136673776,-0.01788024595234232,0.0,10.0
2021-03-31,2021-04-30,Seasonality,3.074274620315142,3.0921773399596266,-0.017902719644484755,-0.005789680757675594,0.0,11.0
2021-03-31,2021-04-30,ShortTermReversal,2.998222716402361,3.0921773399596266,-0.09395462355726547,-0.030384616801600456,0.0,12.0
2021-03-31,2021-04-30,Value,2.9889439024423585,3.0921773399596266,-0.1032334375172681,-0.033385354773544776,0.0,13.0
2021-03-31,2021-04-30,ALL,3.0921773399596266,3.0921773399596266,0.0,0.0,0.0,
2021-04-30,2021-05-31,Quality,3.0635267205093655,3.0062637317255514,0.057262988783814084,0.0190478926314778,0.24479246070475072,1.0
2021-04-30,2021-05-31,Size,3.05333023496595,3.0062637317255514,0.04706650324039874,0.01565614578112322,0.2012036987535306,2.0
2021-04-30,2021-05-31,LowLeverage,3.0477633428273516,3.0062637317255514,0.04149961110180023,0.013804381386718875,0.17740589752051758,3.0
2021-04-30,2021-05-31,LowRisk,3.0402749243221847,3.0062637317255514,0.03401119259663332,0.011313442742134734,0.1453937998008655,4.0
2021-04-30,2021-05-31,Momentum,3.032560028976124,3.0062637317255514,0.026296297250572476,0.008747169109969866,0.11241354054524523,5.0
2021-04-30,2021-05-31,Value,3.0230510824204546,3.0062637317255514,0.016787350694903225,0.005584124412553629,0.07176392592488173,6.0
2021-04-30,2021-05-31,Seasonality,3.017264430258237,3.0062637317255514,0.011000698532685593,0.003659259304695584,0.04702667675020863,7.0
2021-04-30,2021-05-31,Accruals,2.989037659864332,3.0062637317255514,-0.017226071861219605,-0.005730060100659263,0.0,8.0
2021-04-30,2021-05-31,DebtIssuance,3.0054021937923823,3.0062637317255514,-0.0008615379331691209,-0.00028658095564842897,0.0,9.0
2021-04-30,2021-05-31,Investment,2.9304120486397065,3.0062637317255514,-0.07585168308584489,-0.02523121384373923,0.0,10.0
2021-04-30,2021-05-31,ProfitGrowth,2.97509117206427,3.0062637317255514,-0.031172559661281518,-0.010369203251302549,0.0,11.0
2021-04-30,2021-05-31,Profitability,2.952485023717554,3.0062637317255514,-0.053778708007997444,-0.017888885609224064,0.0,12.0
2021-04-30,2021-05-31,ShortTermReversal,2.9785436121070528,3.0062637317255514,-0.02772011961849863,-0.009220787692697768,0.0,13.0
2021-04-30,2021-05-31,ALL,3.0062637317255514,3.0062637317255514,0.0,0.0,0.0,
2021-05-31,2021-06-30,LowLeverage,3.0988840190535174,3.058404164732842,0.04047985432067547,0.013235613130356651,0.40267644954928333,1.0
2021-05-31,2021-06-30,Quality,3.08655503280153,3.058404164732842,0.028150868068688162,0.00920443033438885,0.2800329150354632,2.0
2021-05-31,2021-06-30,Seasonality,3.075106311510083,3.058404164732842,0.016702146777241023,0.005461065927727047,0.16614588360006216,3.0
2021-05-31,2021-06-30,Momentum,3.0680541806664086,3.058404164732842,0.009650015933566625,0.0031552454854865703,0.09599427219869947,4.0
2021-05-31,2021-06-30,Size,3.0639482768434205,3.058404164732842,0.005544112110578592,0.0018127467175558473,0.05515047961649183,5.0
2021-05-31,2021-06-30,Accruals,3.0353991300803496,3.058404164732842,-0.023005034652492373,-0.007521907966830771,0.0,6.0
2021-05-31,2021-06-30,DebtIssuance,3.049200268696246,3.058404164732842,-0.009203896036595882,-0.003009378597743265,0.0,7.0
2021-05-31,2021-06-30,Investment,3.0165515160924294,3.058404164732842,-0.04185264864041249,-0.013684472812005999,0.0,8.0
2021-05-31,2021-06-30,LowRisk,3.028888468736908,3.058404164732842,-0.029515695995933733,-0.009650685261381074,0.0,9.0
2021-05-31,2021-06-30,ProfitGrowth,3.032152617573305,3.058404164732842,-0.026251547159537036,-0.00858341335728274,0.0,10.0
2021-05-31,2021-06-30,Profitability,3.009087223707487,3.058404164732842,-0.04931694102535511,-0.016125056849594973,0.0,11.0
2021-05-31,2021-06-30,ShortTermReversal,3.006147304000518,3.058404164732842,-0.05225686073232394,-0.01708631623475725,0.0,12.0
2021-05-31,2021-06-30,Value,2.903897393650767,3.058404164732842,-0.1545067710820751,-0.05051875512848434,0.0,13.0
2021-05-31,2021-06-30,ALL,3.058404164732842,3.058404164732842,0.0,0.0,0.0,
2021-06-30,2021-07-31,Value,3.283166111097592,3.0538740131091644,0.22929209798842765,0.07508236980443873,0.4379860599310454,1.0
2021-06-30,2021-07-31,LowRisk,3.205218655275627,3.0538740131091644,0.1513446421664626,0.049558246842140635,0.2890934493412346,2.0
2021-06-30,2021-07-31,Momentum,3.1039383341586766,3.0538740131091644,0.050064321049512195,0.016393708723609544,0.09563118359493324,3.0
2021-06-30,2021-07-31,Quality,3.0876351802340993,3.0538740131091644,0.03376116712493493,0.011055193167763499,0.06448944685599277,4.0
2021-06-30,2021-07-31,LowLeverage,3.0780164756018116,3.0538740131091644,0.024142462492647176,0.007905520132465326,0.046116120515942306,5.0
2021-06-30,2021-07-31,ShortTermReversal,3.075226465479524,3.0538740131091644,0.021352452370359654,0.006991923137202577,0.04078673694211274,6.0
2021-06-30,2021-07-31,Seasonality,3.0634285646732904,3.0538740131091644,0.00955455156412599,0.0031286659250223795,0.01825078330519159,7.0
2021-06-30,2021-07-31,Size,3.057876920677084,3.0538740131091644,0.004002907567919767,0.0013107638202285844,0.007646219513547417,8.0
2021-06-30,2021-07-31,Accruals,3.0475088680066014,3.0538740131091644,-0.00636514510256303,-0.0020842854273751274,0.0,9.0
2021-06-30,2021-07-31,DebtIssuance,3.048443851439098,3.0538740131091644,-0.005430161670066269,-0.0017781223608952337,0.0,10.0
2021-06-30,2021-07-31,Investment,3.05297163022379,3.0538740131091644,-0.0009023828853744753,-0.00029548792173510614,0.0,11.0
2021-06-30,2021-07-31,ProfitGrowth,3.044910648787389,3.0538740131091644,-0.008963364321775469,-0.002935079929066826,0.0,12.0
2021-06-30,2021-07-31,Profitability,3.0330390770984756,3.0538740131091644,-0.020834936010688754,-0.0068224608877943205,0.0,13.0
2021-06-30,2021-07-31,ALL,3.0538740131091644,3.0538740131091644,0.0,0.0,0.0,
2021-07-31,2021-08-31,Quality,3.093468766380952,3.039022278828977,0.05444648755197523,0.01791579085525988,0.3049283135864841,1.0
2021-07-31,2021-08-31,LowLeverage,3.0755125100462584,3.039022278828977,0.036490231217281455,0.012007227282105412,0.20436404932172422,2.0
2021-07-31,2021-08-31,Momentum,3.0684344025955697,3.039022278828977,0.029412123766592746,0.009678153388834676,0.16472300973653364,3.0
2021-07-31,2021-08-31,Size,3.066758273001271,3.039022278828977,0.02773599417229411,0.009126617585370776,0.1553358225455513,4.0
2021-07-31,2021-08-31,Seasonality,3.058086049398072,3.039022278828977,0.01906377056909525,0.00627299467394529,0.10676691319499035,5.0
2021-07-31,2021-08-31,ProfitGrowth,3.050428712609062,3.039022278828977,0.011406433780085212,0.0037533235144562483,0.06388189161471641,6.0
2021-07-31,2021-08-31,Accruals,3.0193287457346276,3.039022278828977,-0.01969353309434929,-0.006480220046934891,0.0,7.0
2021-07-31,2021-08-31,DebtIssuance,3.0338343298556794,3.039022278828977,-0.0051879489732975514,-0.001707111201335654,0.0,8.0
2021-07-31,2021-08-31,Investment,2.9906658100572856,3.039022278828977,-0.04835646877169131,-0.01591185069900983,0.0,9.0
2021-07-31,2021-08-31,LowRisk,3.0360152973478525,3.039022278828977,-0.0030069814811244377,-0.0009894568730450751,0.0,10.0
2021-07-31,2021-08-31,Profitability,3.0070135117898706,3.039022278828977,-0.03200876703910627,-0.01053258716202639,0.0,11.0
2021-07-31,2021-08-31,ShortTermReversal,2.9963628007188303,3.039022278828977,-0.04265947811014659,-0.01403723770218115,0.0,12.0
2021-07-31,2021-08-31,Value,3.027480837130104,3.039022278828977,-0.011541441698872834,-0.003797748301904547,0.0,13.0
2021-07-31,2021-08-31,ALL,3.039022278828977,3.039022278828977,0.0,0.0,0.0,
2021-08-31,2021-09-30,Value,3.169813924650479,3.1071938724811483,0.06262005216933053,0.02015324911777305,0.4513216028564376,1.0
2021-08-31,2021-09-30,Size,3.133659277575272,3.1071938724811483,0.02646540509412354,0.008517461793586267,0.1907441567602971,2.0
2021-08-31,2021-09-30,Quality,3.1251796991160887,3.1071938724811483,0.017985826634940416,0.005788446866554362,0.1296292772741409,3.0
2021-08-31,2021-09-30,LowLeverage,3.124784563970279,3.1071938724811483,0.017590691489130617,0.005661279022504039,0.1267814191013377,4.0
2021-08-31,2021-09-30,ProfitGrowth,3.1175566329002895,3.1071938724811483,0.010362760419141193,0.00333508652643755,0.07468753985923185,5.0
2021-08-31,2021-09-30,Seasonality,3.1109173192852966,3.1071938724811483,0.003723446804148267,0.0011983310205149929,0.026836004148554863,6.0
2021-08-31,2021-09-30,Accruals,3.09782071062867,3.1071938724811483,-0.009373161852478162,-0.0030166002628582455,0.0,7.0
2021-08-31,2021-09-30,DebtIssuance,3.104366094146109,3.1071938724811483,-0.0028277783350394436,-0.0009100746368238083,0.0,8.0
2021-08-31,2021-09-30,Investment,3.082336361792458,3.1071938724811483,-0.024857510688690354,-0.007999987032943393,0.0,9.0
2021-08-31,2021-09-30,LowRisk,3.106215617556216,3.1071938724811483,-0.0009782549249321981,-0.00031483549629654896,0.0,10.0
2021-08-31,2021-09-30,Momentum,3.1062705400811197,3.1071938724811483,-0.0009233324000286203,-0.00029715957160128,0.0,11.0
2021-08-31,2021-09-30,Profitability,3.105231317866661,3.1071938724811483,-0.001962554614487466,-0.0006316164021398292,0.0,12.0
2021-08-31,2021-09-30,ShortTermReversal,3.0840715493360493,3.1071938724811483,-0.02312232314509899,-0.007441545038396787,0.0,13.0
2021-08-31,2021-09-30,ALL,3.1071938724811483,3.1071938724811483,0.0,0.0,0.0,
2021-09-30,2021-10-31,Quality,3.1520494031524655,3.1307188661395418,0.021330537012923756,0.0068133032459814025,0.29935185970751854,1.0
2021-09-30,2021-10-31,Size,3.1497181839785924,3.1307188661395418,0.018999317839050622,0.006068675806230565,0.2666356278254084,2.0
2021-09-30,2021-10-31,LowLeverage,3.149596432600772,3.1307188661395418,0.018877566461230177,0.006029786534141252,0.2649269741074818,3.0
2021-09-30,2021-10-31,ProfitGrowth,3.1427671805807926,3.1307188661395418,0.012048314441250874,0.0038484178734667193,0.16908553835959128,4.0
2021-09-30,2021-10-31,Accruals,3.0973868064773753,3.1307188661395418,-0.03333205966216646,-0.010646775097780623,0.0,5.0
2021-09-30,2021-10-31,DebtIssuance,3.1177788258757704,3.1307188661395418,-0.01294004026377138,-0.004133248885335915,0.0,6.0
2021-09-30,2021-10-31,Investment,3.0739715812723754,3.1307188661395418,-0.0567472848671664,-0.018125959977090156,0.0,7.0
2021-09-30,2021-10-31,LowRisk,3.082911936665976,3.1307188661395418,-0.047806929473565685,-0.015270272265780266,0.0,8.0
2021-09-30,2021-10-31,Momentum,3.1292791449918154,3.1307188661395418,-0.0014397211477263916,-0.00045986918956466297,0.0,9.0
2021-09-30,2021-10-31,Profitability,3.064826297520314,3.1307188661395418,-0.06589256861922754,-0.021047104973842323,0.0,10.0
2021-09-30,2021-10-31,Seasonality,3.117639329267358,3.1307188661395418,-0.013079536872183883,-0.004177806258379287,0.0,11.0
2021-09-30,2021-10-31,ShortTermReversal,3.071232365637084,3.1307188661395418,-0.05948650050245785,-0.01900090779336251,0.0,12.0
2021-09-30,2021-10-31,Value,3.0107892855631206,3.1307188661395418,-0.11992958057642111,-0.038307361888518944,0.0,13.0
2021-09-30,2021-10-31,ALL,3.1307188661395418,3.1307188661395418,0.0,0.0,0.0,
2021-10-31,2021-11-30,Value,3.9079016599337706,3.3269207805862218,0.5809808793475488,0.17463021143688814,0.5027783963483299,1.0
2021-10-31,2021-11-30,LowRisk,3.683681295108422,3.3269207805862218,0.35676051452220037,0.1072344483235147,0.30873904072938524,2.0
2021-10-31,2021-11-30,Momentum,3.3879556714265138,3.3269207805862218,0.06103489084029201,0.01834576019857537,0.0528193364512089,3.0
2021-10-31,2021-11-30,ShortTermReversal,3.3782674128915327,3.3269207805862218,0.05134663230531089,0.015433680478638669,0.04443515848119361,4.0
2021-10-31,2021-11-30,Profitability,3.365253282275047,3.3269207805862218,0.03833250168882518,0.011521915974828467,0.03317278487507333,5.0
2021-10-31,2021-11-30,Investment,3.363560485878572,3.3269207805862218,0.03663970529235039,0.011013098209658683,0.03170784603144111,6.0
2021-10-31,2021-11-30,Accruals,3.3424775023724784,3.3269207805862218,0.015556721786256666,0.004676012088125371,0.013462721253262276,7.0
2021-10-31,2021-11-30,Seasonality,3.3374134215400044,3.3269207805862218,0.010492640953782661,0.0031538595733962144,0.009080287113968537,8.0
2021-10-31,2021-11-30,DebtIssuance,3.3313169526512305,3.3269207805862218,0.004396172065008752,0.0013213936714880606,0.0038044287161371473,9.0
2021-10-31,2021-11-30,LowLeverage,3.319977638728568,3.3269207805862218,-0.006943141857653767,-0.0020869573745697506,0.0,10.0
2021-10-31,2021-11-30,ProfitGrowth,3.3080384957485345,3.3269207805862218,-0.01888228483768728,-0.005675603984282462,0.0,11.0
2021-10-31,2021-11-30,Quality,3.3265822398632507,3.3269207805862218,-0.0003385407229710147,-0.00010175797540672487,0.0,12.0
2021-10-31,2021-11-30,Size,3.3168314350336017,3.3269207805862218,-0.010089345552620088,-0.0030326377506476993,0.0,13.0
2021-10-31,2021-11-30,ALL,3.3269207805862218,3.3269207805862218,0.0,0.0,0.0,
2021-11-30,2021-12-31,Value,3.4035014577160685,3.167175579949835,0.23632587776623337,0.07461723286271882,0.42746055175750863,1.0
2021-11-30,2021-12-31,LowRisk,3.3301914468926896,3.167175579949835,0.16301586694285453,0.05147042304027759,0.2948591711041879,2.0
2021-11-30,2021-12-31,Quality,3.2116251511812397,3.167175579949835,0.04444957123140458,0.014034451235604886,0.0803993131160844,3.0
2021-11-30,2021-12-31,Seasonality,3.2081808922734165,3.167175579949835,0.0410053123235814,0.01294696529714683,0.07416942061742984,4.0
2021-11-30,2021-12-31,Size,3.1950677504187293,3.167175579949835,0.02789217046889414,0.008806638522180044,0.050450685684712296,5.0
2021-11-30,2021-12-31,Momentum,3.1913240693373517,3.167175579949835,0.02414848938751657,0.007624613406465788,0.043679205575230806,6.0
2021-11-30,2021-12-31,LowLeverage,3.1831983786714626,3.167175579949835,0.016022798721627485,0.005059018143187777,0.028981652144846076,7.0
2021-11-30,2021-12-31,Accruals,3.143427589418673,3.167175579949835,-0.023747990531162166,-0.007498160405599715,0.0,8.0
2021-11-30,2021-12-31,DebtIssuance,3.1597047976463086,3.167175579949835,-0.007470782303526491,-0.0023588153277074777,0.0,9.0
2021-11-30,2021-12-31,Investment,3.1332295624027293,3.167175579949835,-0.0339460175471058,-0.010718072519251828,0.0,10.0
2021-11-30,2021-12-31,ProfitGrowth,3.1658830039851713,3.167175579949835,-0.0012925759646638113,-0.00040811629542947047,0.0,11.0
2021-11-30,2021-12-31,Profitability,3.1321651976502123,3.167175579949835,-0.03501038229962283,-0.011054133696047682,0.0,12.0
2021-11-30,2021-12-31,ShortTermReversal,3.1364096220421103,3.167175579949835,-0.03076595790772485,-0.009714004522670686,0.0,13.0
2021-11-30,2021-12-31,ALL,3.167175579949835,3.167175579949835,0.0,0.0,0.0,
2021-12-31,2022-01-31,Value,3.961708673385191,3.3932881799559214,0.5684204934292696,0.1675131799258657,0.405396485258654,1.0
2021-12-31,2022-01-31,LowRisk,3.952082640729375,3.3932881799559214,0.5587944607734538,0.1646763938513211,0.39853121588367096,2.0
2021-12-31,2022-01-31,ShortTermReversal,3.5132989994571453,3.3932881799559214,0.12001081950122394,0.03536711683084426,0.08559150308830454,3.0
2021-12-31,2022-01-31,Investment,3.449358106660441,3.3932881799559214,0.05606992670451971,0.0165237739121963,0.039988972032992114,4.0
2021-12-31,2022-01-31,Profitability,3.4420088163664877,3.3932881799559214,0.04872063641056634,0.014357942451913772,0.03474747126242749,5.0
2021-12-31,2022-01-31,Accruals,3.413850809172816,3.3932881799559214,0.020562629216894557,0.006059794549239159,0.01466523059700915,6.0
2021-12-31,2022-01-31,Momentum,3.4084370359837157,3.3932881799559214,0.015148856027794366,0.004464358823774039,0.010804137184264614,7.0
2021-12-31,2022-01-31,ProfitGrowth,3.4054707435600027,3.3932881799559214,0.01218256360408132,0.0035901942181166503,0.008688582701758474,8.0
2021-12-31,2022-01-31,DebtIssuance,3.395512529291066,3.3932881799559214,0.002224349335144815,0.0006555144205800137,0.00158640199091861,9.0
2021-12-31,2022-01-31,LowLeverage,3.3684783735059365,3.3932881799559214,-0.024809806449984873,-0.00731143514321473,0.0,10.0
2021-12-31,2022-01-31,Quality,3.375837705247327,3.3932881799559214,-0.0174504747085944,-0.005142644474369719,0.0,11.0
2021-12-31,2022-01-31,Seasonality,3.3675745572769955,3.3932881799559214,-0.02571362267892585,-0.007577789246081619,0.0,12.0
2021-12-31,2022-01-31,Size,3.3893771141580173,3.3932881799559214,-0.003911065797904012,-0.0011525887547678948,0.0,13.0
2021-12-31,2022-01-31,ALL,3.3932881799559214,3.3932881799559214,0.0,0.0,0.0,
2022-01-31,2022-02-28,LowLeverage,3.3015752352079613,3.272298818391559,0.02927641681640214,0.008946743082220238,0.3723462100886049,1.0
2022-01-31,2022-02-28,Size,3.296236457949886,3.272298818391559,0.02393763955832684,0.007315236439834967,0.30444604692936666,2.0
2022-01-31,2022-02-28,ProfitGrowth,3.286232719826301,3.272298818391559,0.013933901434741713,0.004258138454968693,0.1772155186719277,3.0
2022-01-31,2022-02-28,Quality,3.2837777299396023,3.272298818391559,0.011478911548043147,0.0035079044381666233,0.14599222431010073,4.0
2022-01-31,2022-02-28,Accruals,3.2538511585405674,3.272298818391559,-0.018447659850991727,-0.005637522999827793,0.0,5.0
2022-01-31,2022-02-28,DebtIssuance,3.2690197940797554,3.272298818391559,-0.0032790243118037132,-0.0010020552809463347,0.0,6.0
2022-01-31,2022-02-28,Investment,3.25158472371046,3.272298818391559,-0.020714094681099304,-0.006330135427937768,0.0,7.0
2022-01-31,2022-02-28,LowRisk,3.258198285767914,3.272298818391559,-0.01410053262364519,-0.004309060206969747,0.0,8.0
2022-01-31,2022-02-28,Momentum,3.2465752394196743,3.272298818391559,-0.02572357897188482,-0.007861011600563053,0.0,9.0
2022-01-31,2022-02-28,Profitability,3.2467163561543395,3.272298818391559,-0.025582462237219605,-0.007817886952571835,0.0,10.0
2022-01-31,2022-02-28,Seasonality,3.2650633333490804,3.272298818391559,-0.007235485042478729,-0.0022111321257742606,0.0,11.0
2022-01-31,2022-02-28,ShortTermReversal,3.236170289877204,3.272298818391559,-0.03612852851435511,-0.01104071801490105,0.0,12.0
2022-01-31,2022-02-28,Value,3.2476987786242546,3.272298818391559,-0.024600039767304516,-0.0075176630046874,0.0,13.0
2022-01-31,2022-02-28,ALL,3.272298818391559,3.272298818391559,0.0,0.0,0.0,
2022-02-28,2022-03-31,ProfitGrowth,3.1961328759303136,3.159305002626265,0.0368278733040488,0.011656954068516509,0.4279570375100925,1.0
2022-02-28,2022-03-31,LowLeverage,3.180406099233127,3.159305002626265,0.021101096606862324,0.006679031175945792,0.24520456876597002,2.0
2022-02-28,2022-03-31,Quality,3.180150607940428,3.159305002626265,0.02084560531416324,0.006598161714945129,0.2422356409696125,3.0
2022-02-28,2022-03-31,Size,3.166540366470867,3.159305002626265,0.007235363844602105,0.002290175794545793,0.08407829718212738,4.0
2022-02-28,2022-03-31,Seasonality,3.1593501346878354,3.159305002626265,4.513206157064076e-05,1.4285439846144456e-05,0.0005244555721975697,5.0
2022-02-28,2022-03-31,Accruals,3.1413659645909844,3.159305002626265,-0.017939038035280408,-0.005678159601674437,0.0,6.0
2022-02-28,2022-03-31,DebtIssuance,3.1531466069522973,3.159305002626265,-0.006158395673967476,-0.0019492881088872805,0.0,7.0
2022-02-28,2022-03-31,Investment,3.1451369201844535,3.159305002626265,-0.014168082441811336,-0.004484556707894206,0.0,8.0
2022-02-28,2022-03-31,LowRisk,3.152835093950144,3.159305002626265,-0.006469908676120628,-0.00204788985892224,0.0,9.0
2022-02-28,2022-03-31,Momentum,3.128785983465422,3.159305002626265,-0.030519019160842653,-0.009660042045789446,0.0,10.0
2022-02-28,2022-03-31,Profitability,3.1384965256296478,3.159305002626265,-0.02080847699661703,-0.006586409662669282,0.0,11.0
2022-02-28,2022-03-31,ShortTermReversal,3.1381935824461085,3.159305002626265,-0.021111420180156326,-0.006682298848198208,0.0,12.0
2022-02-28,2022-03-31,Value,3.1058944334649836,3.159305002626265,-0.053410569161281174,-0.016905797039817958,0.0,13.0
2022-02-28,2022-03-31,ALL,3.159305002626265,3.159305002626265,0.0,0.0,0.0,
2022-03-31,2022-04-30,LowRisk,4.010267661626543,3.5612607462088395,0.4490069154177032,0.12608088747663201,0.36910001951102517,1.0
2022-03-31,2022-04-30,Value,3.907957721047923,3.5612607462088395,0.34669697483908335,0.0973523141230705,0.2849975262819163,2.0
2022-03-31,2022-04-30,Momentum,3.777824728647131,3.5612607462088395,0.21656398243829145,0.06081104358023654,0.1780234722420649,3.0
2022-03-31,2022-04-30,Profitability,3.6345419798705296,3.5612607462088395,0.07328123366169015,0.02057732889671224,0.06023984006829706,4.0
2022-03-31,2022-04-30,Investment,3.6236989880665362,3.5612607462088395,0.06243824185769675,0.01753262294095307,0.05132650633336178,5.0
2022-03-31,2022-04-30,Accruals,3.6070646980964414,3.5612607462088395,0.04580395188760189,0.012861723741055117,0.03765251481632157,6.0
2022-03-31,2022-04-30,ShortTermReversal,3.5752019915977367,3.5612607462088395,0.013941245388897183,0.003914693807168828,0.011460210897337678,7.0
2022-03-31,2022-04-30,DebtIssuance,3.5700193729820677,3.5612607462088395,0.00875862677322825,0.002459417435960649,0.007199909849675498,8.0
2022-03-31,2022-04-30,LowLeverage,3.5230219687533935,3.5612607462088395,-0.038238777455446016,-0.010737427046349618,0.0,9.0
2022-03-31,2022-04-30,ProfitGrowth,3.469054169826438,3.5612607462088395,-0.09220657638240137,-0.02589155441104963,0.0,10.0
2022-03-31,2022-04-30,Quality,3.48653381588105,3.5612607462088395,-0.07472693032778954,-0.020983279701532815,0.0,11.0
2022-03-31,2022-04-30,Seasonality,3.5348395585200465,3.5612607462088395,-0.02642118768879298,-0.007419054534807598,0.0,12.0
2022-03-31,2022-04-30,Size,3.5600165012539877,3.5612607462088395,-0.0012442449548517587,-0.0003493832784292267,0.0,13.0
2022-03-31,2022-04-30,ALL,3.5612607462088395,3.5612607462088395,0.0,0.0,0.0,
2022-04-30,2022-05-31,LowRisk,3.5523948433009505,3.3491421591219215,0.20325268417902898,0.060687983526001715,0.4257033058126643,1.0
2022-04-30,2022-05-31,Value,3.485192235051556,3.3491421591219215,0.13605007592963458,0.04062236521047056,0.2849505644328663,2.0
2022-04-30,2022-05-31,Momentum,3.3916877934888943,3.3491421591219215,0.042545634366972784,0.012703442357946192,0.08910985491322697,3.0
2022-04-30,2022-05-31,Quality,3.378372009657341,3.3491421591219215,0.029229850535419377,0.008727563401812381,0.06122056420360899,4.0
2022-04-30,2022-05-31,ShortTermReversal,3.3689851837688627,3.3491421591219215,0.01984302464694121,0.005924808116280038,0.041560293403478756,5.0
2022-04-30,2022-05-31,ProfitGrowth,3.3688412561666867,3.3491421591219215,0.019699097044765246,0.005881833648390117,0.041258843726238434,6.0
2022-04-30,2022-05-31,Seasonality,3.3627337764801046,3.3491421591219215,0.01359161735818315,0.004058238412234673,0.028467011218523137,7.0
2022-04-30,2022-05-31,LowLeverage,3.3603423030410875,3.3491421591219215,0.011200143919166017,0.0033441828943153824,0.023458181185774103,8.0
2022-04-30,2022-05-31,Investment,3.3511815364596305,3.3491421591219215,0.0020393773377089808,0.0006089252831965978,0.004271381103618993,9.0
2022-04-30,2022-05-31,Accruals,3.3448327004035985,3.3491421591219215,-0.004309458718323,-0.0012867350842619516,0.0,10.0
2022-04-30,2022-05-31,DebtIssuance,3.3434473369878166,3.3491421591219215,-0.005694822134104882,-0.0017003823258424932,0.0,11.0
2022-04-30,2022-05-31,Profitability,3.340516619024088,3.3491421591219215,-0.00862554009783345,-0.0025754475886729444,0.0,12.0
2022-04-30,2022-05-31,Size,3.3447154793650005,3.3491421591219215,-0.004426679756921015,-0.001321735401665244,0.0,13.0
2022-04-30,2022-05-31,ALL,3.3491421591219215,3.3491421591219215,0.0,0.0,0.0,
2022-05-31,2022-06-30,LowRisk,4.0999058812796125,3.552414109659631,0.5474917716199816,0.15411822910264217,0.5449527793084538,1.0
2022-05-31,2022-06-30,Momentum,3.6792859751839266,3.552414109659631,0.12687186552429575,0.03571426686413307,0.12628349742853015,2.0
2022-05-31,2022-06-30,Value,3.648418756728155,3.552414109659631,0.0960046470685243,0.027025184594180896,0.09555942565440755,3.0
2022-05-31,2022-06-30,ShortTermReversal,3.6386014111167797,3.552414109659631,0.08618730145714881,0.02426161443925993,0.08578760796932973,4.0
2022-05-31,2022-06-30,Profitability,3.6151140960951054,3.552414109659631,0.06269998643547448,0.017649965488252713,0.062409215337633994,5.0
2022-05-31,2022-06-30,Investment,3.609036366505497,3.552414109659631,0.0566222568458663,0.015939092430665828,0.05635967121034592,6.0
2022-05-31,2022-06-30,Accruals,3.571807676719244,3.552414109659631,0.019393567059613037,0.005459264168239441,0.01930362941998101,7.0
2022-05-31,2022-06-30,DebtIssuance,3.561801818818811,3.552414109659631,0.00938770915918008,0.002642628046559456,0.009344173671317877,8.0
2022-05-31,2022-06-30,LowLeverage,3.5376622532365736,3.552414109659631,-0.014751856423057319,-0.004152628597815907,0.0,9.0
2022-05-31,2022-06-30,ProfitGrowth,3.5342938427067403,3.552414109659631,-0.018120266952890596,-0.00510083182690285,0.0,10.0
2022-05-31,2022-06-30,Quality,3.5260009709781586,3.552414109659631,-0.026413138681472326,-0.007435264545777592,0.0,11.0
2022-05-31,2022-06-30,Seasonality,3.5449568736970947,3.552414109659631,-0.007457235962536224,-0.002099202326175517,0.0,12.0
2022-05-31,2022-06-30,Size,3.528357261714533,3.552414109659631,-0.024056847945097992,-0.006771971735976176,0.0,13.0
2022-05-31,2022-06-30,ALL,3.552414109659631,3.552414109659631,0.0,0.0,0.0,
2022-06-30,2022-07-31,LowLeverage,3.2666089900175668,3.2264618737394675,0.040147116278099304,0.0124430778509615,0.37551167715759876,1.0
2022-06-30,2022-07-31,Quality,3.2653904089531096,3.2264618737394675,0.038928535213642146,0.012065394459015874,0.3641138119635694,2.0
2022-06-30,2022-07-31,ProfitGrowth,3.244511706739279,3.2264618737394675,0.018049832999811333,0.005594311572909302,0.16882714602022755,3.0
2022-06-30,2022-07-31,Seasonality,3.2362494860176056,3.2264618737394675,0.00978761227813818,0.0030335434482584925,0.09154736485860443,4.0
2022-06-30,2022-07-31,Accruals,3.1923202426217925,3.2264618737394675,-0.034141631117674986,-0.010581755636276852,0.0,5.0
2022-06-30,2022-07-31,DebtIssuance,3.2134566738857044,3.2264618737394675,-0.013005199853763028,-0.004030792974686543,0.0,6.0
2022-06-30,2022-07-31,Investment,3.17248981128785,3.2264618737394675,-0.053972062451617564,-0.016727940562664693,0.0,7.0
2022-06-30,2022-07-31,LowRisk,3.1004486708525474,3.2264618737394675,-0.12601320288692008,-0.03905615743131992,0.0,8.0
2022-06-30,2022-07-31,Momentum,3.153862993154398,3.2264618737394675,-0.07259888058506947,-0.022501081192361157,0.0,9.0
2022-06-30,2022-07-31,Profitability,3.1871877931961854,3.2264618737394675,-0.039274080543282075,-0.012172491751084428,0.0,10.0
2022-06-30,2022-07-31,ShortTermReversal,3.180088539948909,3.2264618737394675,-0.0463733337905583,-0.014372813194538585,0.0,11.0
2022-06-30,2022-07-31,Size,3.225113124580188,3.2264618737394675,-0.0013487491592796275,-0.00041802730422982743,0.0,12.0
2022-06-30,2022-07-31,Value,3.1575019439743324,3.2264618737394675,-0.0689599297651351,-0.021373235594819094,0.0,13.0
2022-06-30,2022-07-31,ALL,3.2264618737394675,3.2264618737394675,0.0,0.0,0.0,
2022-07-31,2022-08-31,Value,3.4444903236947213,3.3647686048808567,0.07972171881386458,0.023693076159300247,0.30285111534671527,1.0
2022-07-31,2022-08-31,LowRisk,3.439105565633055,3.3647686048808567,0.07433696075219842,0.022092740833460855,0.2823952093638628,2.0
2022-07-31,2022-08-31,Profitability,3.39794853498821,3.3647686048808567,0.03317993010735343,0.00986098421722771,0.12604568729381777,3.0
2022-07-31,2022-08-31,Momentum,3.3957679589699885,3.3647686048808567,0.030999354089131792,0.009212923005809325,0.1177619988706089,4.0
2022-07-31,2022-08-31,Investment,3.389366547321283,3.3647686048808567,0.024597942440426124,0.007310441022525266,0.09344397504412301,5.0
2022-07-31,2022-08-31,Accruals,3.3774767149116167,3.3647686048808567,0.01270811003076,0.0037768154435124917,0.04827624584650972,6.0
2022-07-31,2022-08-31,DebtIssuance,3.3724619180609374,3.3647686048808567,0.0076933131800807075,0.0022864315747956523,0.029225768234362553,7.0
2022-07-31,2022-08-31,LowLeverage,3.353326938821576,3.3647686048808567,-0.011441666059280653,-0.003400431768973246,0.0,8.0
2022-07-31,2022-08-31,ProfitGrowth,3.3626117288393464,3.3647686048808567,-0.0021568760415102695,-0.0006410176433474665,0.0,9.0
2022-07-31,2022-08-31,Quality,3.346493178579526,3.3647686048808567,-0.01827542630133072,-0.005431406568291443,0.0,10.0
2022-07-31,2022-08-31,Seasonality,3.3564951454133443,3.3647686048808567,-0.008273459467512456,-0.002458849460111808,0.0,11.0
2022-07-31,2022-08-31,ShortTermReversal,3.3489097965202435,3.3647686048808567,-0.015858808360613263,-0.004713194344956987,0.0,12.0
2022-07-31,2022-08-31,Size,3.3534623216118558,3.3647686048808567,-0.01130628326900096,-0.003360196375049483,0.0,13.0
2022-07-31,2022-08-31,ALL,3.3647686048808567,3.3647686048808567,0.0,0.0,0.0,
2022-08-31,2022-09-30,LowRisk,4.131357728016112,3.72789765600437,0.40346007201174183,0.10822723938300867,0.2997675605484993,1.0
2022-08-31,2022-09-30,Value,4.001643646536724,3.72789765600437,0.27374599053235427,0.07343173439631395,0.20339105027827448,2.0
2022-08-31,2022-09-30,Momentum,3.932677531237508,3.72789765600437,0.20477987523313823,0.0549317320724478,0.15214978607914734,3.0
2022-08-31,2022-09-30,Profitability,3.8647332505638516,3.72789765600437,0.1368355945594817,0.03670583454432722,0.10166773671746522,4.0
2022-08-31,2022-09-30,ShortTermReversal,3.8411300959935764,3.72789765600437,0.1132324399892064,0.030374342441195405,0.08413078434569578,5.0
2022-08-31,2022-09-30,Investment,3.8140497733901864,3.72789765600437,0.0861521173858164,0.02311010798460488,0.06401032433286866,6.0
2022-08-31,2022-09-30,Accruals,3.8019837432661348,3.72789765600437,0.0740860872617648,0.019873423065259695,0.05504536183297005,7.0
2022-08-31,2022-09-30,Size,3.7547837272159943,3.72789765600437,0.02688607121162434,0.007212126966071631,0.01997613280455496,8.0
2022-08-31,2022-09-30,DebtIssuance,3.7546291229115334,3.72789765600437,0.026731466907163437,0.0071706547158310995,0.019861263060524395,9.0
2022-08-31,2022-09-30,LowLeverage,3.7073965188125886,3.72789765600437,-0.02050113719178137,-0.005499383052740474,0.0,10.0
2022-08-31,2022-09-30,ProfitGrowth,3.6290061436349332,3.72789765600437,-0.09889151236943672,-0.026527421483837216,0.0,11.0
2022-08-31,2022-09-30,Quality,3.6710449941833554,3.72789765600437,-0.05685266182101456,-0.015250596198488535,0.0,12.0
2022-08-31,2022-09-30,Seasonality,3.682571872792614,3.72789765600437,-0.045325783211755954,-0.01215853743697915,0.0,13.0
2022-08-31,2022-09-30,ALL,3.72789765600437,3.72789765600437,0.0,0.0,0.0,
2022-09-30,2022-10-31,ProfitGrowth,3.304426575580619,3.2434701675226747,0.060956408057944333,0.018793577529495866,0.3607031005630789,1.0
2022-09-30,2022-10-31,Quality,3.288752769588967,3.2434701675226747,0.0452826020662922,0.013961158798287493,0.2679550105929668,2.0
2022-09-30,2022-10-31,LowLeverage,3.2773027289155077,3.2434701675226747,0.03383256139283297,0.010430976591554068,0.20020060537007173,3.0
2022-09-30,2022-10-31,Seasonality,3.259387564771433,3.2434701675226747,0.01591739724875829,0.004907520780718578,0.09418951548233599,4.0
2022-09-30,2022-10-31,LowRisk,3.25647450090143,3.2434701675226747,0.013004333378755284,0.004009388928244049,0.07695176799154656,5.0
2022-09-30,2022-10-31,Accruals,3.217974451814178,3.2434701675226747,-0.025495715708496736,-0.007860629015117493,0.0,6.0
2022-09-30,2022-10-31,DebtIssuance,3.2337665475912685,3.2434701675226747,-0.009703619931406227,-0.0029917401518194755,0.0,7.0
2022-09-30,2022-10-31,Investment,3.2086727494014253,3.2434701675226747,-0.03479741812124937,-0.01072845326887259,0.0,8.0
2022-09-30,2022-10-31,Momentum,3.2176505688873855,3.2434701675226747,-0.025819598635289154,-0.007960485930724582,0.0,9.0
2022-09-30,2022-10-31,Profitability,3.2081920316944657,3.2434701675226747,-0.035278135828209045,-0.010876664191782619,0.0,10.0
2022-09-30,2022-10-31,ShortTermReversal,3.1832769463689523,3.2434701675226747,-0.06019322115372239,-0.01855827803087126,0.0,11.0
2022-09-30,2022-10-31,Size,3.2419553024154157,3.2434701675226747,-0.0015148651072589558,-0.0004670507293168639,0.0,12.0
2022-09-30,2022-10-31,Value,3.2356183473404267,3.2434701675226747,-0.007851820182247948,-0.002420808509623222,0.0,13.0
2022-09-30,2022-10-31,ALL,3.2434701675226747,3.2434701675226747,0.0,0.0,0.0,
2022-10-31,2022-11-30,Value,3.849597713498439,3.4537390984737577,0.39585861502468145,0.11461740558214585,0.43703633294426036,1.0
2022-10-31,2022-11-30,LowRisk,3.6941711375694672,3.4537390984737577,0.24043203909570954,0.0696149976128651,0.2654420863927603,2.0
2022-10-31,2022-11-30,Momentum,3.557501903443388,3.4537390984737577,0.1037628049696302,0.03004361418483638,0.1145563442571794,3.0
2022-10-31,2022-11-30,ShortTermReversal,3.516224578188475,3.4537390984737577,0.06248547971471741,0.01809212506594096,0.0689852989938855,4.0
2022-10-31,2022-11-30,Investment,3.488694813167544,3.4537390984737577,0.034955714693786444,0.010121121977405221,0.03859185271050808,5.0
2022-10-31,2022-11-30,Seasonality,3.479413186350104,3.4537390984737577,0.025674087876346174,0.00743370797397285,0.028344739235919965,6.0
2022-10-31,2022-11-30,Quality,3.4753790980859494,3.4537390984737577,0.02163999961219165,0.006265672940308255,0.023891019966403387,7.0
2022-10-31,2022-11-30,Accruals,3.462818778783575,3.4537390984737577,0.009079680309817206,0.0026289421554250027,0.010024160233727153,8.0
2022-10-31,2022-11-30,LowLeverage,3.4597532237614157,3.4537390984737577,0.00601412528765799,0.0017413374653330626,0.006639722269077092,9.0
2022-10-31,2022-11-30,DebtIssuance,3.4575396483865353,3.4537390984737577,0.003800549912777562,0.0011004160431391775,0.004195887961029657,10.0
2022-10-31,2022-11-30,Profitability,3.4558156481624476,3.4537390984737577,0.002076549688689866,0.0006012468311829097,0.00229255503524909,11.0
2022-10-31,2022-11-30,ProfitGrowth,3.4473697853820084,3.4537390984737577,-0.006369313091749262,-0.001844178992722388,0.0,12.0
2022-10-31,2022-11-30,Size,3.434189840408997,3.4537390984737577,-0.01954925806476071,-0.005660316980341603,0.0,13.0
2022-10-31,2022-11-30,ALL,3.4537390984737577,3.4537390984737577,0.0,0.0,0.0,
2022-11-30,2022-12-31,Value,4.191019758223431,3.4838865828623007,0.7071331753611307,0.20297250169957096,0.46079938186387653,1.0
2022-11-30,2022-12-31,LowRisk,3.835540725963642,3.4838865828623007,0.35165414310134135,0.10093731088468111,0.2291534571097091,2.0
2022-11-30,2022-12-31,Momentum,3.63710385777161,3.4838865828623007,0.15321727490930925,0.043978835494532256,0.09984318092984522,3.0
2022-11-30,2022-12-31,ShortTermReversal,3.6025417279771417,3.4838865828623007,0.11865514511484099,0.03405826862978874,0.07732096220201283,4.0
2022-11-30,2022-12-31,Investment,3.582707758205512,3.4838865828623007,0.09882117534321111,0.028365210230816798,0.06439626664377324,5.0
2022-11-30,2022-12-31,Profitability,3.519165386639436,3.4838865828623007,0.03527880377713544,0.01012627791922864,0.022989235323457823,6.0
2022-11-30,2022-12-31,Accruals,3.513938779911085,3.4838865828623007,0.030052197048784368,0.008626054934341177,0.019583346258162902,7.0
2022-11-30,2022-12-31,Seasonality,3.5094359866296836,3.4838865828623007,0.025549403767382906,0.007333592285427374,0.016649126180493697,8.0
2022-11-30,2022-12-31,DebtIssuance,3.498104526461749,3.4838865828623007,0.01421794359944828,0.004081058111761797,0.009265043488668644,9.0
2022-11-30,2022-12-31,LowLeverage,3.4335982969891647,3.4838865828623007,-0.05028828587313594,-0.014434535877405045,0.0,10.0
2022-11-30,2022-12-31,ProfitGrowth,3.4059132646490973,3.4838865828623007,-0.07797331821320341,-0.022381129913001327,0.0,11.0
2022-11-30,2022-12-31,Quality,3.449358103241599,3.4838865828623007,-0.03452847962070171,-0.009910908061861678,0.0,12.0
2022-11-30,2022-12-31,Size,3.4534667908773966,3.4838865828623007,-0.030419791984904077,-0.008731567822713593,0.0,13.0
2022-11-30,2022-12-31,ALL,3.4838865828623007,3.4838865828623007,0.0,0.0,0.0,
2022-12-31,2023-01-31,ProfitGrowth,3.197422645315496,3.089818128256233,0.10760451705926322,0.03482551807021431,0.5528695531034902,1.0
2022-12-31,2023-01-31,LowLeverage,3.1220319902240394,3.089818128256233,0.03221386196780651,0.010425811692025607,0.16551408766668976,2.0
2022-12-31,2023-01-31,Quality,3.1201239589358196,3.089818128256233,0.0303058306795867,0.009808289492006466,0.15571066644930182,3.0
2022-12-31,2023-01-31,Seasonality,3.114323043006211,3.089818128256233,0.02450491474997829,0.007930859918867737,0.1259056927805182,4.0
2022-12-31,2023-01-31,Accruals,3.0564312848014286,3.089818128256233,-0.03338684345480436,-0.010805439695457587,0.0,5.0
2022-12-31,2023-01-31,DebtIssuance,3.0774777461253606,3.089818128256233,-0.012340382130872296,-0.003993886247873335,0.0,6.0
2022-12-31,2023-01-31,Investment,3.0512260981039496,3.089818128256233,-0.038592030152283296,-0.01249006528874988,0.0,7.0
2022-12-31,2023-01-31,LowRisk,3.0435913348690673,3.089818128256233,-0.04622679338716562,-0.014961007887300516,0.0,8.0
2022-12-31,2023-01-31,Momentum,3.062918958827203,3.089818128256233,-0.0268991694290297,-0.008705745229157062,0.0,9.0
2022-12-31,2023-01-31,Profitability,3.044094023002975,3.089818128256233,-0.045724105253257985,-0.01479831606757476,0.0,10.0
2022-12-31,2023-01-31,ShortTermReversal,3.009405597041672,3.089818128256233,-0.08041253121456071,-0.02602500466910726,0.0,11.0
2022-12-31,2023-01-31,Size,3.0776281133224153,3.089818128256233,-0.012190014933817661,-0.003945220860199046,0.0,12.0
2022-12-31,2023-01-31,Value,2.9824232096490815,3.089818128256233,-0.10739491860715145,-0.034757682863282555,0.0,13.0
2022-12-31,2023-01-31,ALL,3.089818128256233,3.089818128256233,0.0,0.0,0.0,
2023-01-31,2023-02-28,Value,3.70846822392936,3.3142625179819936,0.39420570594736626,0.11894220925727766,0.573325358693346,1.0
2023-01-31,2023-02-28,LowRisk,3.4151365368695523,3.3142625179819936,0.10087401888755876,0.03043633940891909,0.1467092743433573,2.0
2023-01-31,2023-02-28,Momentum,3.387072720535731,3.3142625179819936,0.07281020255373738,0.021968749354855106,0.10589378810572125,3.0
2023-01-31,2023-02-28,Quality,3.343559982076701,3.3142625179819936,0.029297464094707237,0.00883981396638008,0.04260968032042174,4.0
2023-01-31,2023-02-28,Profitability,3.3406492576126046,3.3142625179819936,0.026386739630611,0.0079615719899815,0.03837637744768685,5.0
2023-01-31,2023-02-28,Seasonality,3.334672488551557,3.3142625179819936,0.020409970569563285,0.006158223875998399,0.029683877024544843,6.0
2023-01-31,2023-02-28,Investment,3.3334621844259718,3.3142625179819936,0.01919966644397819,0.005793043351215458,0.027923633485549094,7.0
2023-01-31,2023-02-28,LowLeverage,3.320618012274999,3.3142625179819936,0.006355494293005304,0.001917619457880202,0.009243311271849752,8.0
2023-01-31,2023-02-28,Accruals,3.319983123748934,3.3142625179819936,0.005720605766940334,0.0017260569239468478,0.008319941349890558,9.0
2023-01-31,2023-02-28,Size,3.3187838844512734,3.3142625179819936,0.004521366469279808,0.0013642149481969228,0.006575790288357779,10.0
2023-01-31,2023-02-28,ShortTermReversal,3.3183010020112937,3.3142625179819936,0.004038484029300182,0.001218516640546373,0.005873495156828146,11.0
2023-01-31,2023-02-28,DebtIssuance,3.3180204547580945,3.3142625179819936,0.003757936776100923,0.0011338681699810177,0.005465472512446703,12.0
2023-01-31,2023-02-28,ProfitGrowth,3.3100840687839495,3.3142625179819936,-0.00417844919804411,-0.001260747805997066,0.0,13.0
2023-01-31,2023-02-28,ALL,3.3142625179819936,3.3142625179819936,0.0,0.0,0.0,
2023-02-28,2023-03-31,Value,4.531299695757859,4.089042669441377,0.442257026316482,0.10815661808119521,0.33825243708568853,1.0
2023-02-28,2023-03-31,ShortTermReversal,4.301642107925299,4.089042669441377,0.21259943848392204,0.05199247248573374,0.16260290715827916,2.0
2023-02-28,2023-03-31,LowRisk,4.239646956310212,4.089042669441377,0.15060428686883487,0.03683118496031972,0.1151870157795547,3.0
2023-02-28,2023-03-31,Investment,4.199318485854581,4.089042669441377,0.11027581641320428,0.026968614741374065,0.08434250092996247,4.0
2023-02-28,2023-03-31,Momentum,4.187634970602986,4.089042669441377,0.09859230116160855,0.024111340754259653,0.07540657165712372,5.0
2023-02-28,2023-03-31,Profitability,4.183425472097105,4.089042669441377,0.09438280265572807,0.023081882554339336,0.07218701143807657,6.0
2023-02-28,2023-03-31,Quality,4.175962832401391,4.089042669441377,0.08692016296001359,0.021256849093210406,0.06647934391905008,7.0
2023-02-28,2023-03-31,Accruals,4.131075922335629,4.089042669441377,0.04203325289425219,0.010279485026746993,0.0321483874400799,8.0
2023-02-28,2023-03-31,LowLeverage,4.1275701281846855,4.089042669441377,0.03852745874330843,0.009422121962980602,0.029467043007060347,9.0
2023-02-28,2023-03-31,DebtIssuance,4.108246686282879,4.089042669441377,0.019204016841501748,0.004696457922784478,0.014687851434663543,10.0
2023-02-28,2023-03-31,Seasonality,4.10112235114269,4.089042669441377,0.012079681701313127,0.0029541588772325988,0.009238930150460982,11.0
2023-02-28,2023-03-31,ProfitGrowth,4.013401230284979,4.089042669441377,-0.07564143915639843,-0.018498569291460133,0.0,12.0
2023-02-28,2023-03-31,Size,3.952652569118449,4.089042669441377,-0.1363901003229282,-0.03335502007406567,0.0,13.0
2023-02-28,2023-03-31,ALL,4.089042669441377,4.089042669441377,0.0,0.0,0.0,
2023-03-31,2023-04-30,Value,3.4324405413748016,3.3639286818627623,0.06851185951203931,0.020366620696043156,0.44289025388277076,1.0
2023-03-31,2023-04-30,LowLeverage,3.3994225891073815,3.3639286818627623,0.035493907244619205,0.01055132572696654,0.22944794817747607,2.0
2023-03-31,2023-04-30,LowRisk,3.395319149859721,3.3639286818627623,0.03139046799695855,0.00933149033931843,0.20292154438209237,3.0
2023-03-31,2023-04-30,ShortTermReversal,3.3777766524836843,3.3639286818627623,0.013847970620922023,0.004116606483242613,0.08951926378503207,4.0
2023-03-31,2023-04-30,ProfitGrowth,3.369377109508262,3.3639286818627623,0.005448427645499798,0.001619662056117894,0.035220989772628726,5.0
2023-03-31,2023-04-30,Accruals,3.350724571643928,3.3639286818627623,-0.013204110218834497,-0.0039252051596773965,0.0,6.0
2023-03-31,2023-04-30,DebtIssuance,3.3614246423474774,3.3639286818627623,-0.0025040395152848838,-0.0007443794896086446,0.0,7.0
2023-03-31,2023-04-30,Investment,3.3607758489676054,3.3639286818627623,-0.0031528328951568874,-0.0009372472466957945,0.0,8.0
2023-03-31,2023-04-30,Momentum,3.3599956913150586,3.3639286818627623,-0.003932990547703685,-0.0011691658532801614,0.0,9.0
2023-03-31,2023-04-30,Profitability,3.3586148148103785,3.3639286818627623,-0.005313867052383792,-0.001579661031767552,0.0,10.0
2023-03-31,2023-04-30,Quality,3.359184047960834,3.3639286818627623,-0.004744633901928363,-0.001410444260459482,0.0,11.0
2023-03-31,2023-04-30,Seasonality,3.3600387332886053,3.3639286818627623,-0.0038899485741570317,-0.0011563707028423053,0.0,12.0
2023-03-31,2023-04-30,Size,3.350192043789646,3.3639286818627623,-0.013736638073116314,-0.004083510493899563,0.0,13.0
2023-03-31,2023-04-30,ALL,3.3639286818627623,3.3639286818627623,0.0,0.0,0.0,
2023-04-30,2023-05-31,Value,3.8178037498563415,3.4729846381221674,0.3448191117341741,0.0992861033559356,0.4844785355739203,1.0
2023-04-30,2023-05-31,ShortTermReversal,3.5530212926950107,3.4729846381221674,0.08003665457284326,0.023045496284175574,0.11245328312770496,2.0
2023-04-30,2023-05-31,LowRisk,3.533425236313239,3.4729846381221674,0.060440598191071615,0.017403070986156642,0.08492038725334966,3.0
2023-04-30,2023-05-31,Investment,3.5306953878113947,3.4729846381221674,0.05771074968922729,0.016617047209408712,0.0810848892791777,4.0
2023-04-30,2023-05-31,Profitability,3.527936459089872,3.4729846381221674,0.05495182096770446,0.015822650167959494,0.07720853294836433,5.0
2023-04-30,2023-05-31,Momentum,3.5134313536911432,3.4729846381221674,0.04044671556897583,0.011646096883067485,0.05682853664659628,6.0
2023-04-30,2023-05-31,LowLeverage,3.505286488179334,3.4729846381221674,0.03230185005716679,0.009300890566170863,0.04538481911086466,7.0
2023-04-30,2023-05-31,Quality,3.491860343597352,3.4729846381221674,0.018875705475184468,0.0054350097803457335,0.026520786799056287,8.0
2023-04-30,2023-05-31,Seasonality,3.488767400533523,3.4729846381221674,0.015782762411355566,0.004544437726015759,0.02217513287447763,9.0
2023-04-30,2023-05-31,Accruals,3.4774310262039334,3.4729846381221674,0.004446388081766006,0.0012802786493666023,0.006247274333529443,10.0
2023-04-30,2023-05-31,DebtIssuance,3.474904765714231,3.4729846381221674,0.001920127592063725,0.0005528753484789188,0.0026978220529587766,11.0
2023-04-30,2023-05-31,ProfitGrowth,3.462331387257933,3.4729846381221674,-0.010653250864234298,-0.0030674627083851656,0.0,12.0
2023-04-30,2023-05-31,Size,3.440701929598215,3.4729846381221674,-0.03228270852395232,-0.009295379014808279,0.0,13.0
2023-04-30,2023-05-31,ALL,3.4729846381221674,3.4729846381221674,0.0,0.0,0.0,
2023-05-31,2023-06-30,Value,3.319184223126615,3.246479383148735,0.07270483997788002,0.02239497972950753,0.4010736894471626,1.0
2023-05-31,2023-06-30,LowRisk,3.2938092587444197,3.246479383148735,0.0473298755956848,0.01457883140775714,0.2610935920086188,2.0
2023-05-31,2023-06-30,Momentum,3.272983613816639,3.246479383148735,0.026504230667903972,0.0081639916783324,0.14620965513670114,3.0
2023-05-31,2023-06-30,Size,3.261379798009384,3.246479383148735,0.014900414860649303,0.004589714919488418,0.08219761386273808,4.0
2023-05-31,2023-06-30,ProfitGrowth,3.258727253596595,3.246479383148735,0.012247870447860354,0.0037726623219708363,0.06756494601856987,5.0
2023-05-31,2023-06-30,LowLeverage,3.2531239014222244,3.246479383148735,0.0066445182734895525,0.0020466842660325432,0.03665425106991965,6.0
2023-05-31,2023-06-30,Seasonality,3.247423149248777,3.246479383148735,0.0009437661000419872,0.0002907044797329456,0.005206252456289869,7.0
2023-05-31,2023-06-30,Accruals,3.233651803323594,3.246479383148735,-0.012827579825140933,-0.003951227872175662,0.0,8.0
2023-05-31,2023-06-30,DebtIssuance,3.241433228402695,3.246479383148735,-0.005046154746039644,-0.0015543467709150883,0.0,9.0
2023-05-31,2023-06-30,Investment,3.2107608533820278,3.246479383148735,-0.035718529766707086,-0.011002235206577522,0.0,10.0
2023-05-31,2023-06-30,Profitability,3.1867974508309724,3.246479383148735,-0.05968193231776242,-0.018383585809153478,0.0,11.0
2023-05-31,2023-06-30,Quality,3.2416456834605216,3.246479383148735,-0.004833699688213233,-0.001488905093099672,0.0,12.0
2023-05-31,2023-06-30,ShortTermReversal,3.233559652009114,3.246479383148735,-0.012919731139620971,-0.003979612871309913,0.0,13.0
2023-05-31,2023-06-30,ALL,3.246479383148735,3.246479383148735,0.0,0.0,0.0,
2023-06-30,2023-07-31,Size,3.3297426479935006,3.3078890490215396,0.02185359897196104,0.006606509060037926,0.6593431421738986,1.0
2023-06-30,2023-07-31,LowLeverage,3.3191799503471144,3.3078890490215396,0.011290901325574865,0.003413325283359993,0.3406568578261014,2.0
2023-06-30,2023-07-31,Accruals,3.294752596590019,3.3078890490215396,-0.013136452431520507,-0.003971249409168127,0.0,3.0
2023-06-30,2023-07-31,DebtIssuance,3.3048022115520475,3.3078890490215396,-0.003086837469492121,-0.0009331744274812346,0.0,4.0
2023-06-30,2023-07-31,Investment,3.2534749762276487,3.3078890490215396,-0.05441407279389088,-0.016449787761166398,0.0,5.0
2023-06-30,2023-07-31,LowRisk,3.295438473229996,3.3078890490215396,-0.012450575791543628,-0.003763903688132,0.0,6.0
2023-06-30,2023-07-31,Momentum,3.261624793625824,3.3078890490215396,-0.04626425539571555,-0.013986036021794724,0.0,7.0
2023-06-30,2023-07-31,ProfitGrowth,3.2924744088671467,3.3078890490215396,-0.015414640154392867,-0.004659962872380032,0.0,8.0
2023-06-30,2023-07-31,Profitability,3.2511812765013257,3.3078890490215396,-0.05670777252021386,-0.01714319062091511,0.0,9.0
2023-06-30,2023-07-31,Quality,3.2947979635273463,3.3078890490215396,-0.013091085494193244,-0.003957534639218185,0.0,10.0
2023-06-30,2023-07-31,Seasonality,3.2880196207988575,3.3078890490215396,-0.019869428222682117,-0.0060066791625188925,0.0,11.0
2023-06-30,2023-07-31,ShortTermReversal,3.287555547217685,3.3078890490215396,-0.020333501803854404,-0.006146972133140007,0.0,12.0
2023-06-30,2023-07-31,Value,3.2300724434964687,3.3078890490215396,-0.07781660552507086,-0.023524551268758152,0.0,13.0
2023-06-30,2023-07-31,ALL,3.3078890490215396,3.3078890490215396,0.0,0.0,0.0,
2023-07-31,2023-08-31,Value,4.281848984972756,3.5526760058194795,0.7291729791532764,0.2052461237554032,0.6092212132436404,1.0
2023-07-31,2023-08-31,LowRisk,3.7502671927937357,3.5526760058194795,0.19759118697425615,0.05561756452054476,0.16508667503627208,2.0
2023-07-31,2023-08-31,Momentum,3.6436441789063565,3.5526760058194795,0.09096817308687699,0.025605535922179817,0.07600355794711249,3.0
2023-07-31,2023-08-31,Quality,3.594675985639972,3.5526760058194795,0.04199997982049242,0.01182206870305486,0.03509082123717891,4.0
2023-07-31,2023-08-31,Profitability,3.5925896373789863,3.5526760058194795,0.03991363155950678,0.011234807647566524,0.03334768530764628,5.0
2023-07-31,2023-08-31,Investment,3.578192740846647,3.5526760058194795,0.02551673502716767,0.007182398559668781,0.021319133752486275,6.0
2023-07-31,2023-08-31,ShortTermReversal,3.57676943720214,3.5526760058194795,0.024093431382660402,0.006781769951212559,0.020129969044096082,7.0
2023-07-31,2023-08-31,Seasonality,3.5757991246056804,3.5526760058194795,0.02312311878620088,0.006508648339540092,0.019319276610145653,8.0
2023-07-31,2023-08-31,ProfitGrowth,3.565684831268953,3.5526760058194795,0.013008825449473349,0.003661697669070913,0.010868823516205701,9.0
2023-07-31,2023-08-31,LowLeverage,3.5616691439513595,3.5526760058194795,0.008993138131879963,0.0025313701888797927,0.007513732242154134,10.0
2023-07-31,2023-08-31,Accruals,3.555188419641136,3.5526760058194795,0.002512413821656345,0.0007071891209727182,0.002099112063062098,11.0
2023-07-31,2023-08-31,DebtIssuance,3.5518471245592997,3.5526760058194795,-0.0008288812601797702,-0.00023331180744374575,0.0,12.0
2023-07-31,2023-08-31,Size,3.5386570931123607,3.5526760058194795,-0.014018912707118858,-0.0039460149712935,0.0,13.0
2023-07-31,2023-08-31,ALL,3.5526760058194795,3.5526760058194795,0.0,0.0,0.0,
2023-08-31,2023-09-30,Value,3.6320600512151775,3.4268613176746237,0.20519873354055385,0.059879497452145575,0.6967453663440928,1.0
2023-08-31,2023-09-30,LowRisk,3.486174331416442,3.4268613176746237,0.0593130137418183,0.017308262063568572,0.20139533405233248,2.0
2023-08-31,2023-09-30,Momentum,3.4379290000046057,3.4268613176746237,0.01106768232998201,0.0032296849227304715,0.03757994138915748,3.0
2023-08-31,2023-09-30,LowLeverage,3.4366383027100955,3.4268613176746237,0.009776985035471863,0.002853043683164355,0.033197422336596796,4.0
2023-08-31,2023-09-30,Quality,3.436015270016759,3.4268613176746237,0.00915395234213534,0.0026712351313787535,0.03108193587782043,5.0
2023-08-31,2023-09-30,Accruals,3.4171681322346075,3.4268613176746237,-0.009693185440016183,-0.0028285899373931243,0.0,6.0
2023-08-31,2023-09-30,DebtIssuance,3.42385613048017,3.4268613176746237,-0.00300518719445364,-0.0008769503390621246,0.0,7.0
2023-08-31,2023-09-30,Investment,3.4063611676672787,3.4268613176746237,-0.020500150007344953,-0.005982194231675475,0.0,8.0
2023-08-31,2023-09-30,ProfitGrowth,3.4163406087179666,3.4268613176746237,-0.010520708956657021,-0.0030700714097750804,0.0,9.0
2023-08-31,2023-09-30,Profitability,3.395823987774009,3.4268613176746237,-0.031037329900614807,-0.009057072061987005,0.0,10.0
2023-08-31,2023-09-30,Seasonality,3.4210189822275563,3.4268613176746237,-0.005842335447067359,-0.0017048648618881992,0.0,11.0
2023-08-31,2023-09-30,ShortTermReversal,3.41654206268236,3.4268613176746237,-0.010319254992263716,-0.0030112846817116267,0.0,12.0
2023-08-31,2023-09-30,Size,3.4151076871156674,3.4268613176746237,-0.011753630558956285,-0.0034298529964825026,0.0,13.0
2023-08-31,2023-09-30,ALL,3.4268613176746237,3.4268613176746237,0.0,0.0,0.0,
2023-09-30,2023-10-31,Value,4.2726469194649965,3.581595023721765,0.6910518957432314,0.19294529145987432,0.5745496078364349,1.0
2023-09-30,2023-10-31,LowRisk,3.779174617066987,3.581595023721765,0.19757959334522202,0.05516525236287321,0.16427026475470236,2.0
2023-09-30,2023-10-31,Momentum,3.6712354442496182,3.581595023721765,0.08964042052785315,0.025028072669897934,0.07452822107546557,3.0
2023-09-30,2023-10-31,ShortTermReversal,3.6686870611372697,3.581595023721765,0.08709203741550464,0.024316550821260677,0.07240946193908827,4.0
2023-09-30,2023-10-31,Quality,3.623168721854841,3.581595023721765,0.041573698133075876,0.011607593225287415,0.03456491778085543,5.0
2023-09-30,2023-10-31,Profitability,3.617912581658491,3.581595023721765,0.036317557936726086,0.010140051484376699,0.03019489389820888,6.0
2023-09-30,2023-10-31,Seasonality,3.607175786317397,3.581595023721765,0.025580762595632134,0.007142282258659785,0.02126818146077178,7.0
2023-09-30,2023-10-31,Investment,3.603185989401403,3.581595023721765,0.021590965679637808,0.0060283101625492694,0.017951011986884244,8.0
2023-09-30,2023-10-31,Accruals,3.588654716381618,3.581595023721765,0.007059692659852956,0.0019711029898955394,0.00586952105066127,9.0
2023-09-30,2023-10-31,ProfitGrowth,3.584932297534071,3.581595023721765,0.003337273812305863,0.0009317842442270263,0.002774653208990807,10.0
2023-09-30,2023-10-31,DebtIssuance,3.582840975902921,3.581595023721765,0.0012459521811560847,0.00034787634361334654,0.0010359009814975837,11.0
2023-09-30,2023-10-31,LowLeverage,3.582296677349025,3.581595023721765,0.0007016536272597129,0.00019590535016172746,0.0005833640264390068,12.0
2023-09-30,2023-10-31,Size,3.560977207617118,3.581595023721765,-0.02061781610464708,-0.005756601728584702,0.0,13.0
2023-09-30,2023-10-31,ALL,3.581595023721765,3.581595023721765,0.0,0.0,0.0,
2023-10-31,2023-11-30,Value,3.4440182706332627,3.3916723574281002,0.052345913205162464,0.015433658587486996,0.48724520086044243,1.0
2023-10-31,2023-11-30,LowRisk,3.4232212189157036,3.3916723574281002,0.031548861487603386,0.009301860015608005,0.2936624926610234,2.0
2023-10-31,2023-11-30,LowLeverage,3.4087243612353646,3.3916723574281002,0.01705200380726435,0.005027609394497898,0.1587231268194619,3.0
2023-10-31,2023-11-30,Momentum,3.3966846028150877,3.3916723574281002,0.005012245386987413,0.0014778094281454092,0.046654884035983425,4.0
2023-10-31,2023-11-30,ProfitGrowth,3.39314571689288,3.3916723574281002,0.0014733594647795556,0.00043440501012804246,0.013714295623088853,5.0
2023-10-31,2023-11-30,Accruals,3.379640631785018,3.3916723574281002,-0.012031725643082414,-0.0035474315839298973,0.0,6.0
2023-10-31,2023-11-30,DebtIssuance,3.3865318724247553,3.3916723574281002,-0.005140485003344963,-0.001515619571002131,0.0,7.0
2023-10-31,2023-11-30,Investment,3.362744987769571,3.3916723574281002,-0.028927369658529045,-0.008528939888658533,0.0,8.0
2023-10-31,2023-11-30,Profitability,3.347174011323128,3.3916723574281002,-0.044498346104972164,-0.013119883472091977,0.0,9.0
2023-10-31,2023-11-30,Quality,3.3879258410521853,3.3916723574281002,-0.0037465163759149434,-0.0011046221394910682,0.0,10.0
2023-10-31,2023-11-30,Seasonality,3.375617243697131,3.3916723574281002,-0.01605511373096924,-0.0047336865236428105,0.0,11.0
2023-10-31,2023-11-30,ShortTermReversal,3.365035228575896,3.3916723574281002,-0.02663712885220404,-0.00785368574705221,0.0,12.0
2023-10-31,2023-11-30,Size,3.388920349357036,3.3916723574281002,-0.002752008071064349,-0.0008114015096526578,0.0,13.0
2023-10-31,2023-11-30,ALL,3.3916723574281002,3.3916723574281002,0.0,0.0,0.0,
2023-11-30,2023-12-31,ShortTermReversal,3.4637355285354317,3.4468942495709958,0.01684127896443588,0.004885928533064791,0.5157950669961849,1.0
2023-11-30,2023-12-31,LowLeverage,3.456710888262377,3.4468942495709958,0.009816638691381385,0.0028479663083957898,0.30065257051978334,2.0
2023-11-30,2023-12-31,Value,3.4522924272887594,3.4468942495709958,0.00539817771776363,0.001566099023326722,0.1653290966482408,3.0
2023-11-30,2023-12-31,ProfitGrowth,3.4474892593398385,3.4468942495709958,0.0005950097688427469,0.00017262199700985968,0.01822326583579095,4.0
2023-11-30,2023-12-31,Accruals,3.4326168174238676,3.4468942495709958,-0.014277432147128177,-0.004142114934017823,0.0,5.0
2023-11-30,2023-12-31,DebtIssuance,3.443107625766634,3.4468942495709958,-0.0037866238043617884,-0.0010985610611155465,0.0,6.0
2023-11-30,2023-12-31,Investment,3.4163247012765847,3.4468942495709958,-0.030569548294411053,-0.008868722415320914,0.0,7.0
2023-11-30,2023-12-31,LowRisk,3.4330582927720847,3.4468942495709958,-0.013835956798911031,-0.004014035765858807,0.0,8.0
2023-11-30,2023-12-31,Momentum,3.4056840012134146,3.4468942495709958,-0.041210248357581136,-0.011955762310581536,0.0,9.0
2023-11-30,2023-12-31,Profitability,3.3911096637245457,3.4468942495709958,-0.055784585846450074,-0.016184014306035957,0.0,10.0
2023-11-30,2023-12-31,Quality,3.4242771336218083,3.4468942495709958,-0.022617115949187472,-0.0065615926430009925,0.0,11.0
2023-11-30,2023-12-31,Seasonality,3.4235516661295406,3.4468942495709958,-0.023342583441455123,-0.006772062544233948,0.0,12.0
2023-11-30,2023-12-31,Size,3.4241199790219756,3.4468942495709958,-0.022774270549020148,-0.006607185744632188,0.0,13.0
2023-11-30,2023-12-31,ALL,3.4468942495709958,3.4468942495709958,0.0,0.0,0.0,
